Receptor Sequence,Binder,Sequence Length,PPL
AWKGEVLANNEAGQVTSIIYNPGDVITIVAAGWASYGPTQKWGPQGDREHPDQGLICHDAFCGALVMKIGNSGTIPVNTGLFRWVAPNNVQGAITLIYNDVPGTYGNNSGSFSVNIGKDQSXXX,RRIX,,3.046823286924532
MDKNELVQKAKLAEQAERYDDMAACMKSVTEQGAELSNEERNLLSVAYKNVVGARRSSWRVVSSIEQKTEGAEKKQQMAREYREKIETELRDICNDVLSLLEKFLIPNASQAESKVFYLKMKGDYYRYLAEVAAGDDKKGIVDQSQQAYQEAFEISKKEMQPTHPIRLGLALNFSVFYYEILNSPEKACSLAKTAFDEAIAELDTLSEESYKDSTLIMQLLRDNLTLWTS,SRLXPLLLQ,,4.7302174377775685
SPEFGYWITCCPTCDVDINTWVPFYSTELNKPAMIYCSHGDGHWVHAQCMDLEERTLIHLSEGSNKYYCNEHVQIARAXX,AXTXQTARKG,,1.5337671437000828
GSHSMRYFYTAMSRPGRGEPRFIAVGYVDDTQFVRFDSDAASPRTEPRAPWIEQEGPEYWDRNTQIFKTNTQTYRESLRNLRGYYNQSEAGSHIIQRMYGCDLGPDGRLLRGHDQSAYDGKDYIALNEDLSSWTAADTAAQITQRKWEAARVAEQRRAYLEGLCVEWLRRYLENGKETLQRADPPKTHVTHHPVSDHEATLRCWALGFYPAEITLTWQRDGEDQTQDTELVETRPAGDRTFQKWAAVVVPSGEEQRYTCHVQHEGLPKPLTLRWEP,HPLGQGGLFEY,,2.8137292302636348
GSHSMRYFYTAMSRPGRGEPRFIAVGYVDDTQFVRFDSDAASPRTEPRAPWIEQEGPEYWDRNTQIFKTNTQTYRESLRNLRGYYNQSEAGSHIIQRMYGCDLGPDGRLLRGHDQSAYDGKDYIALNEDLSSWTAADTAAQITQRKWEAAAVAEQRRAYLEGLCVEWLRRYLENGKETLQRADPPKTHVTHHPVSDHEATLRCWALGFYPAEITLTWQRDGEDQTQDTELVETRPAGDRTFQKWAAVVVPSGEEQRYTCHVQHEGLPKPLTLRWEP,LPEPLGQGQLTEY,,1.4979940488478933
MIKTIAFGRYELDTWYHSPYPEEYARLGRLYMCEFCLKYMKSQTILRRHMAKCVWKHPPGDEIYRKGSISVFEVDGKKNKIYCQNLCLLAKLFLDHKTLYYDVEPFLFYVMTEADNTGCHLIGYFSKEKNSFLNYNVSCILTMPQYMRQGYGKMLIDFSYLLSKVEEKVGSPERPLSDLGLISYRSYWKEVLLRYLHNFQGKEISIKEISQETAVNPVDIVSTLQALQMLKYWKGKHLVLKRQDLIDEWISNKTMDPSCLKWTPPXX,GMEDDEDDRLLIRLLIEDIIDESX,,5.134415156581359
IIGGEFTTIENQPWFAAIYRRHRGGSVTYVCGGSLISPCWVISATHCFIDYPKKEDYIVYLGRSRLNSNTQGEMKFEVENLILHKDYSADTLAHHNDIALLKIRSKEGRCAQPSRTIQTIALPSMYNDPQFGTSCEITGFGKEQSTDYLYPEQLKMTVVKLISHRECQQPHYYGSEVTTKMLCAADPQWKTDSCQGDSGGPLVCSLQGRMTLTGIVSWGRGCALKDKPGVYTRVSHFLPWIRSHTKEE,CSWCCLENHRRC,,2.799334950311476
XAYPMQLGFQDATSPIMEELLHFHDHTLMIVFLISSLVLYIISLMLTTKLTHTSTMDAQEVETIWTILPAIILILIALPSLRILYMMDEINNPSLTVKTMGHQWYWSYEYTDYEDLSFDSYMIPTSELKPGELRLLEVDNRVVLPMEMTIRMLVSSEDVLHSWAVPSLGLKTDAIPGRLNQTTLMSSRPGLYYGQCSEICGSNHSFMPIVLELVPLKYFEKWSASMLXX,AAEFDDSYYGYALLAGAGFVFVFVVVYYQMQEIIENNPPSIAAAAPPKWR,,5.129157720687796
MTPASYNLAVRRAAPAVVNVYNRGLNLEIRTLGSGVIMDQRGYIITNKHVINDADQIIVALQDGRVFEALLVGSDSLTDLAVLKINATGGLPTIPINARRVPHIGDVVLAIGNPYNLGQTITQGIISATGRIGLNPTGRQNFLQTDASINHGNSGGALVNSLGELMGINTLSFDKSNDGETPEGIGFAIPFQLATKIMDKLIRDGRVIRGYIGIIVVNPDGPAANAGVNDLIISVDNKPAISALETMDQVAEIRPGSVIPVVVMTLQVTIQEYP,VYWF,,1.130196486626576
EVQLVESGGGVVQPGRSLRLSCAASGFTFSRYGMHWVRQAPGKGLEWVAVMSYDGSTKYYADSVKGRFAISRDNPKNTLFLQMNSLRPDDTAVYYCAKGGAAAAVMDVWGKGTTVTVSSASTKGPSVFPLAPSGTAALGCLVKDYFPEPVTVSWNSGALTSGVHTFPAVLQSSGLYSLSSVVTVPSSSLGTQTYICNVNHKPSNTKVDKRVEPK,QPIELPPDSPPD,,6.276146077611823
QQFSPRYIELVVVADHGMFKKYNSNLNTIRKWVHEMLNTVNGFFRSMNVDASLVNLEVWSKKDLIKVEKDSSKTLTSFGEWRERDLLPRISHDHAQLLTVIVFDEETIGIAYTAGMCDLSQSVAVVMDHSKKNLRVAVTMAHELGHNLGMRHDGNQCHCNAPSCIMADTLSKGLSFEFSDCSQNQYQTYLTKHNPQCILNKPXX,KLW,,3.733827451950029
TTALVCDNGSGLVKAGFAGDDAPRAVFPSIVGRPRKDSYVGDEAQSKRGILTLKYPIEXGIITNWDDMEKIWHHTFYNELRVAPEEHPTLLTEAPLNPKANREKMTQIMFETFNVPAMYVAIQAVLSLYASGRTTGIVLDSGDGVTHNVPIYEGYALPHAIMRLDLAGRDLTDYLMKILTERGYSFVTTAEREIVRDIKEKLCYVALDFENEMATAASSSSLEKSYELPDGQVITIGNERFRCPETLFQPSFIGMESAGIHETTYNSIMKCDIDIRKDLYANNVMSGGTTMYPGIADRMQKEITALAPSTMKIKIIAPPERKYSVWIGGSILASLSTFQQMWITKQEYDEAGPSIVHRKCXX,PKPAENLKSSLEGGRQKKRQKK,,3.2806910453983162
PEGSHQYELLKHAEATLGSGNLRMAVMLPEGEDLNEWVAVNTVDFFNQINMLYGTITDFCTEESCPVMSAGPKYEYHWADGPIKCSAPKYIDYLMTWVQDQLDDETLFPSKIGVPFPKNFMSVAKTILKRLFRVYAHIYHQHFDPVIQLQEEAHLNTSFKHFIFFVQEFNLIDRRELAPLQELIEKLXX,YHYVMRYA,,3.4154651254424864
GSHSMRYFFTSVSRPGRGEPRFIAVGYVDDTQFVRFDSDAASQRMEPRAPWIEQEGPEYWDGETRKVKAHSQTHRVDLGTLRGYYNQSEAGSHTVQRMYGCDVGSDWRFLRGYHQYAYDGKDYIALKEDLRSWTAADMAAQTTKHKWEAAHVAEQLRAYLEGTCVEWLRRYLENGKETLQRTDAPKTHMTHHAVSDHEATLRCWALSFYPAEITLTWQRDGEDQTQDTELVETRPAGDGTFQKWAAVVVPSGQEQRYTCHVQHEGLPKPLTLRWE,KLLXPAQV,,6.052013811098502
NSYVALYKFLPQENNDLALQPGDRIMLVDDSNEDWWKGKIGDRVGFFPANFVQRVRPGENVWRCCQPFSGNKEQGYMSLKENQICVGVGRGFIRVSSGKKRGLVPVDALTEI,EPEIPPPPK,,2.321420951338746
GPHSMRYYETATSRRGLGEPRYTSVGYVDDKEFVRFDSDAENPRYEPQVPWMEQEGPEYWERITQVAKGQEQWFRVNLRTLLGYYNQSAGGTHTLQRMYGCDVGSDGRLLRGYEQFAYDGCDYIALNEDLRTWTAADMAAQITRRKWEQAGAAEYYRAYLEGECVEWLHRYLKNGNATL,PSLGSVPYV,,5.167325911221963
DLTVSLIPVSGLKAGKNAPSAKIAKLVVNSTTLKEFGVRGISNNVVDSTGTAWRVAGKNTGKEIGVGLSSDSLRRSDSTEKWNGVNWMTFNSNDTLDIVLTGPAQNVTADTYPITLDVVGYQP,GSFLPNSQQQKSVVIIFSSP,,1.7054086753211777
MGHHHHHHMLHLLEQIRAYCETCWEWQEAHEPGMDQDKNPMPAPVEHQICPAVCVLMKLSFDEEHRHAMNELGGLQAIAELLQVDCEMYGLTNDHYSITLRRYAGMALTNLTFGDVANKATLCSMKGCMRALVAQLKSESEDLQQVIASVLRNLSWRADVNSKKTLREVGSVKALMECALEVKKESTLKSVLSALWNLSAHCTENKADICAVDGALAFLVGTLTYRSQTNTLAIIESGGGILRNVSSLIATNEDHRQILRENNCLQTLLQHLKSHSLTIVSNACGTLWNLSARNPKDQEALWDMGAVSMLKNLIHSKHKMIAMGSAAALRNLMANRPAKYKDANIMSPGSSLPS,AGGALAE,,2.939857625868366
GNSEADRQLLEAAKAGDVETVKKLCTVQSVNCRDIEGRQSTPLHFAAGYNRVSVVEYLLQHGADVHAKDKGGLVPLHNACSYGHYEVAELLVKHGAVVNVADLWKFTPLHEAAAKGKYEICKLLLQHGADPTKKNRDGNTPLDLVKDGDTDIQDLLR,RREPPGGAFRX,,2.2972202121464633
PQITLWKRPLVTIRIGGQLKEALLNTGADDTVLEEMNLPGKWKPKMIGGIGGFIKVRQYDQIPVEICGHKAIGTVLVGPTPVNIIGRNLLTQIGCTLNF,PTNLLQSR,,4.527586142898752
GPHMQAISEKDRGNGFFKEGKYERAIECYTRGIAADGANALLPANRAMAYLKIQKYEEAEKDCTQAILLDGSYSKAFARRGTARTFLGKLNEAKQDFETVLLLEPGNKQAVTELSKIKKK,GGSTMEEVD,,1.833060132753276
PSSSMADFRKFFAKAKHIVIISGAGVSAESGVPTFRGAGGYWRKWQAQDLATPLAFAHNPSRVWEFYHYRREVMGSKEPNAGHRAIAECETRLGKQGRRVVVITQNIDELHRKAGTKNLLEIHGSLFKTRCTSCGVVAENYKSPICPALSGKGAPEPGTQDASIPVEKLPRCEEAGCGGLLRPHVVWFGENLDPAILEEVDRELAHCDLCLVVGTSSVVYPAAMFAPQVAARGVPVAEFNTETTPATNRFRFHFQGPCGTTLPEALAXX,TAKXST,,2.106150557202703
REVKLLLLGAGESGKSTIVKQMKIIHEAGYSEEECKQYKAVVYSNTIQSIIAIIRAMGRLKIDFGDSARADDARQLFVLAGAAEEGFMTAELAGVIKRLWKDSGVQACFNRSREYLLNDSAAYYLNDLDRIAQPNYIPTQQDVLRTRVKTTGIVETHFTFKDLHFKMFDVGGQRSERKKWIHCFEGVTAIIFCVALSDYDLVLAEDEEMNRMHESMKLFDSICNNKWFTDTSIILFLNKKDLFEEKIKKSPLTICYPEYAGSNTYEEAAAYIQCQFEDLNKRKDTKEIYTHFTCATDTKNVQFVFDAVTDVIIKNNX,DIPGLVELLLRVVSSGSAHLQGLLLLLEELLQPQF,,3.2736718716860485
HMASATINLSAEKQVIRGFGGMNHPVWISDLTPQQRDTAFGNGEGQLGFTILRIHVDENRNNWSKEVATARRAIELGAIVSASPWNPPSNMVETFTRNGVPNQKRLRYDKYGDYVQHLNDFVAYMKSNGVDLYAISVQNEPDYAHEWTWWTPQEMLRFMRDYAGQINCRVMAPESFQYLKNMSDPILNDPQALANLDILGAHFYGTTVNNMPYPLFEQKGAGKELWMTEVYVPNSDSNSADRWPEALEVAHNMHNALVEGNFQAYVWWYIRRSYGPMKEDGTISKRGYMMAHYSKFVRPGYVRVDATKNPTYNVYLSACKNKKDNSVVAVVINKSTEAKTINISVPGTSIRKWERYVTTGSKNLRKESDINASGTTFQVTLEPQSVTTFVX,AEHX,,3.225024022863522
SPRVVRIVKSESGYGFNVRGQVSEGGQLRSINGELYAPLQHVSAVLPGGAADRAGVRKGDRILEVNGVNVEGATHKQVVDLIRAGEKELILTVLSV,DEWSTVM,,4.057045978246959
SMTRRNIVGCRIQHGWKEGNEPVEQWKGTVLEQVSVKPTLYIIKYDGKDSVYGLELHRDKRVLALEILPERVPTPRIDSRLADSLIGKAVEHVFETKDEWKGMVLARAPVMDTWFYITYEKDPVLYMYTLLDDYKDGDLRIIPDSNYYFPTAEQESLVGKQVEHAKDDGSKRTGIFIHQVVAKPSVYFIKFDDDIHIYVYGLV,ARTKQT,,1.7168118423701015
DILLTQSPVILSVSPGERVSFSCRASQSIGTNIHWYQQRTNGSPRLLIKYASESISGIPSRFSGSGSGTDFTLSINSVESEDIADYYCQQNNNWPTTFGAGTKLELKRTVAAPSVFIFPPSDEQLKSGTASVVCLLNNFYPREAKVQWKVDNALQSGNSQESVTEQDSKDSTYSLSSTLTLSKADYEKHKVYACEVTHQGLSSPVTKSFNRG,QFDDSTRRLKC,,1.5862876667793102
GSHSMRYFFTSVSRPGRGEPRFIAVGYVDDTQFVRFDSDAASQRMEPRAPWIEQEGPEYWDGETRKVKAHSQTHRVDLGTLRGYYNQSEAGSHTVQRMYGCDVGSDWRFLRGYHQYAYDGKDYIALKEDLRSWTAADMAAQTTKHKWEAAHVAEQLRAYLEGTCVEWLRRYLENGKETLQRTDAPKTHMTHHAVSDHEATLRCWALSFYPAEITLTWQRDGEDQTQDTELVETRPAGDGTFQKWVAVVVPSGQEQRYTCHVQHEGLPKPLTLRW,NLVPFVLTL,,3.5853498798925796
EVANPEHYIKHPLQNRWALWFFKNDKSKTWQANLRLISKFDTVEDFWALYNHIQLSSNLMPGCDYSLFKDGIEPMWEDEKNKRGGRWLITLNKQQRRSDLDRFWLETLLCLIGESFDDYSDDVCGAVVNVRAKGDKIAIWTTECENREAVTHIGRVYKERLGLPPKIVIGYQSHADTATKSGSTTKNRFVV,KSRTTTIRPDYFRRLPRITT,,4.550282910928792
MASMTGGQQMGRGSHHHHHHENLYFQGSDKGKLSLQDVAELIRARACQRVVVMVGAGISTPSGIPDFRSPGSGLYSNLQQYDLPYPEAIFELPFFFHNPKPFFTLAKELYPGNYKPNVTHYFLRLLHDKGLLLRLYTQNIDGLERVSGIPASKLVEAHGTFASATCTVCQRPFPGEDIRADVMADRVPRCPVCTGVVKPDIVFFGEPLPQRFLLHVVDFPMADLLLILGTSLEVEPFASLTEAVRSSVPRLLINRDLVGPLAWHPRSRDVAQLGDVVHGVESLVELLGWTEEMRDLVQRETGKLDGPDK,TARSSGMGW,,1.9075650606750498
EEARALGRAVRMLQRLEEQCVDVSPPSLRDLLPRTAQLLREVAHSRRAGGPGGPGGSGDFLLIYLANLEAKSRQVAALLPPRELFRAGSRLRRQLAKLAIIFSHMHAELHALFPGGKYCGHMYQLTKAPAHTFWRESCGARCVLPWAEFESLLGTCHPVEPGCTALALRTTIDLTCSGHVSIFEFDVFTRLFQPWPTLLKNWQLLAVNHPGYMAFLTYDEVQERLQACRDKPGSYIFRLSCTRLGQWAIGYVSSDGSILQTIPANKPLSQVLLEGQKDGFYLYPDGKTHNPX,RRLXTDXT,,4.1094435893279435
GAMGSMERASLIQKAKLAEQAERYEDMAAFMKGAVEKGEELSCEERNLLSVAYKNVVGGQRAAWRVLSSIEQKSNEGPEVREYREKVETELQGVCDTVLGLLDSHLIKEAGDAESRVFYLKMKGDYYRYLAEVATDKKRIIDSARSAYQEAMDISKKEMPPTNPIRLGLALNFSVFHYEIANSPEEAISLAKTTFDEAMADLHTLSEDSYKDSTLIMQLLRDNLTLWTXXXXXX,SRXLXSX,,5.970670034558812
GQLGGEEWTRHGSFVNKPTRGWLHPNDKVMGPGVSYLVRYMGCVEVLQSMRALDFNTRTQVTREAISLVCEAVPGAKGATRRRKPCSRPLSSILGRSNLKFAGMPITLTVSTSSLNLMAADCKQIIANHHMQSISFASGGDPDTAEYVAYVAKDPVNQRACHILECPEGLAQDVISTIGQAFELRFKQYLR,HIAEEPHFFESMQNNYEKPTTYKFQQK,,3.2835844225797275
GKAFDDGAFTGIREINLSYNKETAIGDFQVVYDLNGSPYVGQNHVSFITGFTPVKISLDFPSEYIMEVSGYTGNVSGYVVVRSLTFKTNKKTYGPYGVTSGTPFNLPIENGLIVGFKGSIGYWLDYFSMYLSLX,QSGGSQVVVVGPWGAKKV,,2.2284504670687957
GHMSPNYDKWEMERTDITMKHKLGGGQYGEVYEGVWKKYSLTVAVKTLKEDTMEVEEFLKEAAVMKEIKHPNLVQLLGVCTREPPFYIITEFMTYGNLLDYLRECNRQEVNAVVLLYMATQISSAMEYLEKKNFIHRDLAARNCLVGENHLVKVADFGLSRLMTGDTYTAHAGAKFPIKWTAPESLAYNKFSIKSDVWAFGVLLWEIATYGMSPYPGIDLSQVYELLEKDYRMERPEGCPEKVYELMRACWQWNPSDRPSFAEIHQAFETMFQESSISDEVEKELGK,EEFEEFEX,,3.228797326276942
MGSNPPASPLQDNLVIALHSYEPSHDGDLGFEKGEQLRILEQSGEWWKAQSLTTGQEGFIPFNFVAKANSLEPEPWFFKNLSRKDAERQLLAPGNTHGSFLIRESESTAGSFSLSVRDFDQNQGEVVKHYKIRNLDNGGFYISPRITFPGLHELVRHYTNASDGLCTRLSRPCQT,PPXEEIPP,,3.690272054770357
KLSEEQQHIIAILLDAHHKTYDPTYADFRDFRPPVRMSPLSMLPHLADLVSYSIQKVIGFAKMIPGFRDLTSDDQIVLLKSSAIEVIMLRSNQSFTMDSQDYKYDVTDVSKAGHTLELIEPLIKFQVGLKKLNLHEEEHVLLMAICIVSPDRPGVQDAKLVEAIQDRLSNTLQTYIRCRHPPPGSHQLYAKMIQKLADLRSLNEEHSKQYRSLSFQPENSMKLTPLVLEVFGNX,KHPLLYNLLDK,,2.210001354222229
PQAPIAAYKPRSNEILWDGYGVPHIYGVDAPSAFYGYGWAQARSHGDNILRLYGEARGKGAEYWGPDYEQTTVWLLTNGVPERAQQWYAQQSPDFRANLDAFAAGINAYAQQNPDDISPDVRQVLPVSGADVVAHAHRLMNFLYVASPGRTLGEGDPPDLA,DVTSGMARIGAAVVLLASALATQAAAAA,,6.133509360022339
DIVLTQSPASLAVSLGQRATISCKASQSVDHDGDSYMNWFQQKPGQSPKLLIYAASNLESGIPARFSGSGSGTDFTLNIHPVEEEDAATYYCQQTNEDPYTFGGGTKLEIK,KRNNYMASSSRRSX,,3.202882466439471
MDPGTVLEISRSLKKRMQDILKKDNANNLEGRPATGKIENVEEISDILMSKALQESLLDEGILDEIKGWLEPLPDKSMPNIKIRKRLLDVLKTMKIHKEHLVTSGVGKIVYFYSINPKESKEVRASAKALVQKWTNEVFX,FFYIITGEEGYYYYY,,2.9474256853863627
KNSLALSLTADQMVSALLDAEPPILYSEYDPTRPFSEASMMGLLTNLADRELVHMINWAKRVPGFVDLTLHDQVHLLECAWLEILMIGLVWRSMEHPGKLLFAPNLLLDRNQGKCVEGMVEIFDMLLATSSRFRMMNLQGEEFVCLKSIILLNSGVYKDHIHRVLDKITDTLIHLMAKAGLTLQQQHQRLAQLLLILSHIRHMSNKGMEHLYSMKCKNVVPLSDLLLEMLDAHRX,KKLLHRLLDD,,2.088891368600961
ARRTWLGDILRPLNSEYGKVAPGWGTTPLMAVFMGLFLVFLLIILEIYNSTLILDGVNVSWKXX,TITPPLKGFFIGLLTSAASLGLFFAALIAISIQYKXX,,2.4795933747562797
GPIPTAPRENSLMFLSTLPDDTVPAYGNVRTPPVNYLPGEITDLLQLARIPTLMAFERVPEPVPASDTYVPYVAVPTQFDDRPLISFPITLSDPVYQNTLVGAISSNFANYRGCIQITLTFCGPMMARGKFLLSYSPPNGTQPQTLSEAMQCTYSIWDIGLNSSWTFVVPYISPSDYRETRAITNSVYSADGWFSLHKLTKITLPPDCPQSPCILFFASAGEDYTLRLPVDCNPSYVFX,GINYDDSVNNSYTQNYQQSSKFSSSSGVLLGAPAV,,3.813672549082204
MDFQNFVATLESFKDLKSGISGSRIKKLTTYALDHIDIESKIISLIIDYSRLCPDSHKLGSLYIIDSIGRAYLDETRSNSNSSSNKPGTCAHAINTLGEVIQELLSDAIAKSNQDHKEKIRMLLDIWDRSGLFQKSYLNAIRSKCFX,XYYXPP,,2.4788251061270916
RVQELPLARIKKIMKLDEDVKMISAEAPVLFAKAAQIFITELTLRAWIHTEDNKRRTLQRNDIAMAITKFDQFDFLIDIVPRX,SKLYRRAYKRFKRLKRRKLQKQLKKKK,,4.314730307875171
GDTRPRFLWQLKFECHFFNGTERVRLLERCIYNQEESVRFDSDVGEYRAVTELGRPDAEYWNSQKDLLEQRRAAVDTYCRHNYGVGESFTVQRRVEPKVTVYPSKTQPLQHHNLLVCSVSGFYPGSIEVRWFRNGQEEKAGVVSTGLIQNGDWTFQTLVMLETVPRSGEVYTCQVEHPSVTSPLTVEWRA,SVPVRFFSILALAPQGLLL,,6.412905777276102
GSSGSSGWYHGHMSGGQAETLLQAKGEPWTFLVRESLSQPGDFVLSVLSDQPKAGPGSPLRVTHIKVMCEGGRYTVGGLETFDSLTDLVEHFKKTGIEEASGAFVYLRQPYYSGPSSG,MDNQGVVXSDLNNPP,,1.9841995677434132
PDVVLVNGGEPPNPLIPTGTNDSNGGRIIDRLFAGLMSYDAVGKPSLEVAQSIESADNVNYRITVKPGWKFTDGSPVTAHSFVDAWNYGALSTNAQLQQHFFSPIEGFDDVAGAPGDKSRTTMSGLRVVNDLEFTVRLKAPTIDFTLALGHSSFYPLPDSAFRDMAAFGRNPIGNGPYKLADGPAGPAWEHNVRIDLVPNPDYHGNRKPRNKGLRFEFYANLDTAYADLLSGNLDVLDTIPPSALTVYQRDLGDHATSGPAAINQTLDTPLRLPHFGGEEGRLRRLALSAAINRPQICQQIFAGTRSPARDFTARSLPGFDPNLPGNEVLDYDPQRARRLWAQADAISPWSGRYAIAYNADAGHRDWVDAVANSIKNVLGIDAVAAPQPTFAGFRTQITNRAIDSAFRAGWRGDYPSMIEFLAPLFTAGAGSNDVGYINPEFDAALAAAEAAPTLTESHELVNDAQRILFHDMPVVPLWDYISVVGWSSQVSNVTVTWNGLPDYENIVKA,SSVT,,1.2304234460151637
GKAFDDGAFTGIREINLSYNKETAIGDFQVVYDLNGSPYVGQNHKSFITGFTPVKISLDFPSEYIMEVSGYTGNVSGYVVVRSLTFKTNKKTYGPYGVTSGTPFNLPIENGLIVGFKGSIGYWLDYFSMYLSLXX,SSGSSQTVIVVWPAAAK,,2.8438590849070096
DIVMTQTPLSLSVTPGEPASISCRSSQSLLHSNGHTYVHWYLQKAGQSPQLLIYEVSNRASGVPDRFSGSGSGTDFTLKISRVEAEDVGVYYCEQTLQIPFTFGGGTKVEIKRTVAAPSVFIFPPSEDQVKSGTVSVVCLLNNFYPREASVKWKVDGALKTGNSQESVTEQDSKDNTYSLSSTLTLSSTEYQSHKVYACEVTHQGLSSPVTKSFNRG,AVGIGAVP,,3.216614719937578
YVLQGSKWNKTTLKYYIYNSSSHLTTTERENAIRSAFALWSDKSTLSFIQVYNPNQADIKIKWEKGNHGDGYPFDGNTGILAHAFYPPPAGGNYAGHLHFDDDENWSINGSGIDLITVAAHEIGHLLGIEHSNVSSALMYPYYTGIKRQLDNDDCLAVWDLYGYPFSXXXX,PFP,,4.6461857964904025
SLLEFGKMILEETGKLAIPSYSSYGCYCGWGGKGTPKDATDRCCFVHDCCYGNLPDCNPKSDRYKYKRVNGAIVCEKGTSCENRICECDKAAAICFRQNLNTYSKKYMLYPDFLCKGELKC,AVARX,,4.312883651001157
AIYADNSYSIGNTPLVRLKHFGHNGNVVVKIEGRNPSYSVXCRIGANMVWQAEKDGTLTKGKEIVDATSGNTGIALAYVAAARGYKITLTMPETMSLERKRLLCGLGVNLVLTEGAKGMKGAIAKAEEIVASDPSRYVMLKQFENPANPQIHRETTGPEIWKDTDGKVDVVVAGVGTGGSITGISRAIKLDFGKQITSVAVEPVESPVISQTLAGEEVKPGPHKIQGIGAGFIPKNLDLSIIDRVETVDSDTALATARRLMAEEGILAGISSGAAVAAADRLAKLPEFADKLIVVILPSASERYLSTALF,NDNI,,1.3801720511199076
TNIYFPKKEAVTFDQANPTQILGKLKELNGTAPEEKKLTEDDLILLEKILSLICNSSSEKPTVQQLQILWKAINCPEDIVFPALDILRLSIKHPSVNENFCNKEGAQFSSHLINLLNPKGKPANQLLALRTFCNCFVGQAGQKLSQRESLSHAIELKSGSNKNIHIALATLALNYSVCFHKDHNIEGKAQCLSLISTILEVVQDLEATFRLLVALGTLISDDSNAVQLAKSLGVDSQIKKYSSVSEPAKVSECCRFILNLL,LLG,,4.287611603765163
NLSKSSWRQEWLANLKLISVSLVDEFPSELSDSDRQIINEKMQLLKDIFANNLKSAISNNFRESDIIILKGEIEDYPMSSEIKIYYNELQNKPKKARFWSFMKTQRFVSNMGFDI,SSLTPLLEPPE,,4.148959758309934
NNFYSVEIGDSTFTVLKRYQNLKPIGSGQGIVCAAYDAILERNVAIKKLSRPFQNQTHAKRAYRELVLMKCVNHKNIIGLLNVFTPQKSLEEFQDVYIVMELMDANLCQVIQMELDHERMSYLLYQMLCGIKHLHSAGIIHRDLKPSNIVVKSDCTLKILDFGLARTAGYVVTRYYRAPEVILGMGYKENVDLWSVGCIMGEMVCHKILFPGRDYIDQWNKVIEQLGTPCPEFMKKLQPTVRTYVENRPKYAGYSFEKLFPDVLFPLKASQARDLLSKMLVIDASKRISVDEALQHPYINVWYDPSEAEAPPPKIPHTIEEWKELIYKEVMDLX,PRTPRPLLLPLP,,2.680979340216183
SSLQVEISDAVSERDKVKFTVQTKSCLPHFAQTEFSVVRQHEEFIWLHDAYVENEEYAGLIIPPAPPRPDFEASREKLQKLGEGDSSVTREEFAKMKQELEAEYLAIFKKTVAMHEVFLQRLAAHPTLRRDHNFFVFLEYG,PVQQKKKGKNSDAVVVIVT,,3.1627881732001066
VPENNGILISIKEVINAEFSRDGTIHSSELKGVLELRINDHDLSHSNLKLADSIDVRDKSFQFKTHPNIDKQSFLSTKLISLRDKSKAFPANDQSLGVLRWRKVAPAEDDSLIPLTLTTAVSPSESQQGFDVIIEYESVLETELADVIFTIPVFPQEPVDINTESSTCSDAEVVNDQEGTSIKISKIAANDAGALAFTIEAPYEDALYPTVSFQESTRDKLAKSFTGAIQSVVANDHDQELPYDVITSLKSDEYLVQ,KKWDF,,2.044751327175883
ADVPAGVQLADKQTLVRNNGSEVQSLDPHKIEGVPESNVSRDLFEGLLISDVEGHPSPGVAEKWENKDFKVWTFHLRENAKWSDGTPVTAHDFVYSWQRLADPNTASPYASYLQYGHIANIDDIIAGKKPATDLGVKALDDHTFEVTLSEPVPYFYKLLVHPSVSPVPKSAVEKFGDKWTQPANIVTNGAYKLKNWVVNERIVLERNPQYWDNAKTVINQVTYLPISSEVTDVNRYRSGEIDMTYNNMPIELFQKLKKEIPNEVRVDPYLCTYYYEINNQKAPFNDVRVRTALKLALDRDIIVNKVKNQGDLPAYSYTPPYTDGAKLVEPEWFKWSQQKRNEEAKKLLAEAGFTADKPLTFDLLYNTSDLHKKLAIAVASIWKKNLGVNVNLENQEWKTFLDTRHQGTFDVARAGWCADYNEPTSFLNTMLSDSSNNTAHYKSPAFDKLIADTLKVADDTQRSELYAKAEQQLDKDSAIVPVYYYVNARLVKPWVGGYTGKDPLDNIYVKNLYIIKHXXXXXXXX,KWKG,,3.361838295163487
QVQLQQPGAELVKPGASVKLSCKASGFTFTNYWMHWVKQRPGQGLEWIGEILPSNGRTNYNEKFKTKATLTVDKSSNTAYMQLSSLTSEDSAVYYCARSPSDYWGQGTTLTVSSAKTTAPSVYPLAPVCGDTTGSSVTLGCLVKGYFPEPVTLTWNSGSLSSGVHTFPAVLQSDLYTLSSSVTVTSSTWPSQSITCNVAHPASSTKVDKKIEP,PNGIGGHX,,5.216688740557911
MNPPPPETSNPNKPKRQTNQLQYLLRVVLKTLWKHQFAWPFQQPVDAVKLNLPDYYKIIKTPMDMGTIKKRLENNYYWNAQECIQDFNTMFTNCYIYNKPGDDIVLMAEALEKLFLQKINELPTEE,SLRGYXPY,,5.756642521687787
PKESDRCGGCGKFTHEDKKNDFQWIGCDSCQTWYHFLCSGLEQFEYYLYEKFFCPKCVPHTGHSIRYKVVAPHRYRWYSPNEKHLGIEVGSKTWIEDFITRENTVPSPTDDEVCIVEDGYEFRREFEKLGGADNWGKVFMVKDMDGLNMTMPKPGFDLEDVVKIMGSDYEVDTIDVYNQSTYSMKLDTFRKLFRDTKNRPLLYNFLSLEFSDNNEMKEIAKPPRFVQEISMVNRLWPDVSGAEYIKLLQREEYLPEDQRPKVEQFCLAGMAGSYTDFHVDFGGSSVYYHILKGEKIFYIAAPTEQNFAAYQAHETSPDTTTWFGDIANGAVKRVVIKEGQTLLIPAGWIHAVLTPVDSLVFGGNFLHLGNLEMQMRVYHLENAIRKEIRSEEKFYFPNFELLHWMYMRNVLLEKITEANQEGSDMREQEKNIWTASQIMKAEMERWMDRELRLGPEKNAILPTDDKNKIMISVRKQIEIQTKIQNAKXXXX,KAAXQX,,3.4851611864127077
GKTFFGQPLGLSTLFMTEMWERFSYYGMRAILLYYMWFLISTGDLHITRATAASIMAIYASMVYLSGTIGGFVADRIIGARPAVFWGGVLIMLGHIVLALPFGASALFGSIILIIIGTGFLKPNVSTLVGTLYDEHDRRRDAGFSIFVFGINLGAFIAPLIVGAAQEAAGYHVAFSLAAIGMFIGLLVYYFGGKKTLDPHYLRPTDPLAPEEVKPLLVKVSLAVAGFIAIIVVMNLVGWNSLPAYINLLTIVAIAIPVFYFAWMISSHLRVVSYIPLFIAAVLFWAIEEQGSVVLATFAAERVDSSWFPVSWFQSLNPLFIMLYTPFFAWLWTAWPSSPTKFAVGLMFAGLSFLLMAIPGALYGTSGKVSPLWLVGSWALVILGEMLISPVGLSVTTKLSQMMSMWFLSSSVGSALNAQLVTLYNAKSEVAYFSYFGLGSVVLGIVLVFLSKRIQGLXXXXXXXXXXXXXXXXX,MXL,,1.7683348103099574
ESADLRALAKHLYDSYIKSFPLTKAKARAILTGKTTSPFVIYDMNSLMMGEDKIKFEVAIRIFQGCQFRSVEAVQEITEYAKSIPGFVNLDLNDQVTLLKYGVHEIIYTMLASLMNKDGVLISEGQGFMTREFLKSLRKPFGDFMEPKFEFAVKFNALELDDSDLAIFIAVIILSGDRPGLLNVKPIEDIQDNLLQALELQLKLNHPESSQLFAKLLQKMTDLRQIVTEHVQLLQVIKKTETDMSLHPLLQEIYKDLYXXXX,KILLLLLLQ,,2.565752789373015
AHSAALEVLFQGPGQPGFCIKTNSSEGKVFINICHSPSIPPPADVTEFRIPSLGEPHAELDAKGQGCTAYDVAVNSDFYRRQNSDFLRELVITIAREGLEDKYNLQLNPEWRKNRPFGSI,LDDDDELFPYE,,3.5160783818157233
EPHSLRYFYTAVSDPSPGVPQFVTVGSVDGEVFVRYDSETRKMEPRVDWIVANVDQQYWDRETETSRGNEQIFRVNLDTARERYNQSRGSHTWQCMHGCDLEDGSIRGFQQCGYDGKDFIALDKDTLTYTAADAAAQITKRKWEQEGTVAEQWKNYLENTCIEWLRKYVSYGKDVLERRERPKVRVSGMELTLSCRAHGFYPPPISISWLKDGVVQEQETKRGSTVPNSDGTYHAWATIDVLPGNRDKYQCRVEHASLPQPGLFSW,RLLEWMIYI,,3.39590866423503
SEQESVKEFLAKAKEEFLKKWESPSQNTAQLDHFDRIKTLGTGSFGRVMLVKHKETGNHYAMKILDKQKVVKLKQIEHTLNEKRILQAVNFPFLVKLEFSFKDNSNLYMVMEYVPGGEMFSHLRRIGRFXEPHARFYAAQIVLTFEYLHSLDLIYRDLKPENLLIDQQGYIQVTDFGFAKRVKGRTWLCGTPEYLAPEIILSKGYNKAVDWWALGVLIYEMAAGYPPFFADQPIQIYEKIVSGKVRFPSHFSSDLKDLLRNLLQVDLTKRFGNLKNGVNDIKNHKWFATTDWIAIYQRKVEAPFIPKFKGPGDTSNFDDYEEEEIRVXINEKCGKEFTEFXXX,TTYADFIASGRTSRRAIIH,,1.5054603689157429
ADCGLRPLFEKKSLEDKTERELLESYIIVEGSDAEIGMSPWQVMLFRKSPQELLCGASLISDRWVLTAAHCLLYPPWDKNFTENDLLVRIGKHSRTRYERNIEKISMLEKIYIHPRYNWRENLDRDIALMKLKKPVAFSDYIHPVCLPDRETAASLLQAGYKGRVTGWGNLKETGQPSVLQVVNLPIVERPVCKDSTRIRITDNMFCAGYKPDEGKRGDACEGDSGGPFVMKSPFNNRWYQMGIVSWGEGCDRDGKYGFYTHVFRLKKWIQKVIDQXX,DFFEIEGELQ,,3.7709052503300207
SGMKETAAAKFERQHMDSPDLGTDDDDKAMADIGSGTVNWSVEDIVKGINSNNLESQLQATQAARKLLSREKQPPIDNIIRAGLIPKFVSFLGKTDCSPIQFESAWALTNIASGTSEQTKAVVDGGAIPAFISLLASPHAHISEQAVWALGNIAGDGSAFRDLVIKHGAIDPLLALLAVPDLSTLACGYLRNLTWTLSNLCRNKNPAPPLDAVEQILPTLVRLLHHNDPEVLADSCWAISYLTDGPNERIEMVVKKGVVPQLVKLLGATELPIVTPALRAIGNIVTGTDEQTQKVIDAGALAVFPSLLTNPKTNIQKEATWTMSNITAGRQDQIQQVVNHGLVPFLVGVLSKADFKTQKEAAWAITNYTSGGTVEQIVYLVHCGIIEPLMNLLSAKDTKIIQVILDAISNIFQAAEKLGETEKLSIMIEECGGLDKIEALQRHENESVYKASLNLIEKYFS,GPKSRRRRA,,4.464962793736372
GVIQSPRHEVTEMGQQVTLRCKPISGHDYLFWYRQTMMRGLELLIYFNNNVPIDDSGMPEDRFSAKMPNASFSTLKIQPSEPRDSAVYFCASSLWEKLAKNIQYFGAGTRLSVLEDLKNVFPPEVAVFEPSEAEISHTQKATLVCLATGFYPDHVELSWWVNGKEVHSGVCTDPQPLKEQPALNDSRYALSSRLRVSATFWQDPRNHFRCQVQFYGLSENDEWTQDRAKPVTQIVSAEAWGRADX,RQWGPDPLAA,,2.527960390738762
PHSMRYFETAVSRPGLEEPRYISVGYVDNKEFVRFDSDAENPRYEPRAPWMEQEGPEYWERETQKAKGQEQWFRVSLRNLLGYYNQSAGGSHTLQQMSGCDLGSDWRLLRGYLQFAYEGRDYIALNEDLKTWTAADMAAQITRRKWEQSGAAEHYKAYLEGECVEWLHRYLKNGNATLLRTDSPKAHVTHHPRSKGEVTLRCWALGFYPADITLTWQLNGEELTQDMELVETRPAGDGTFQKWASVVVPLGKEQNYTCRVYHEGLPEPLTLRWEP,MCLSNFATM,,1.939302596432557
EVEQNSGPLSVPEGAIASLNCTYSDRGSQSFFWYRQYSGKSPELIMFIYSNGDKEDGRFTAQLNKASQYVSLLIRDSQPSDSATYLCAVNFGGGKLIFGQGTELSVKPNIQNPDPAVYQLRDSKDKSVCLFTDFDSQTNVSQSKDSDVYITDKCVLDMRSMDFKSNSAVAWSNKSDFACANAFNNSIIPEDTFFP,YQALIGGFNA,,4.57643266170046
DIVMTQSHKFMSTSVGDRVSITCKASQVGTALAWYQQKPGQSPKLLIYWASTRHTGVPDRFTGSGSGTDFTLTISNVQSEDLSDYFCQQYSSYPTFGGGTKLEIKRADAAPTVSIFPPSSEQLTSGGASVVCFLNNFYPKDINVKWKIDGSERQNGVLNSETDQDSKDSTYSMSSTLTLTKDEYERHNSYTCEATHKTSTSPIVKSFNR,PLPGGWAHX,,6.537268182623326
MADQLTEEQIAEFKEAFSLFDKDGDGTITTKELGTVMRSLGQNPTEAELQDMINEVDADGNGTIDFPEFLTMMARKMKDTDSEEEIREAFRVFDKDGNGYISAAELRHVMTNLGEKLTDEEVDEMIREADIDGDGQVNYEEFVQMMTAK,RKYLKAKKALRRKKK,,6.369616439478686
HMKEIDELTIKEYGVDSRILMERAGISVVLAMEEELGNLSDYRFLVLCGGGNNGGDGFVVARNLLGVVKDVLVVFLGKKKTPDCEYNYGLYKKFGGKVVEQFEPSILNEFDVVVDAIFGTGLRGEITGEYAEIINLVNKSGKVVVSVDVPSGIDSNTGKVLRTAVKADLTVTFGVPKIGHILFPGRDLTGKLKVANIGHPVHLINSINRYVITREMVRSLLPERPRDSHKGTYGKVLIIAGSRLYSGAPVLSGMGSLKVGTGLVKLAVPFPQNLIATSRFPELISVPIDTEKGFFSLQNLQECLELSKDVDVVAIGPGLGNNEHVREFVNEFLKTLEKPAVIDADAINVLDTSVLKERKSPAVLTPHPGEMARLVKKTVGDVKYNYELAEEFAKENDCVLVLKSATTIVTDGEKTLFNITGNTGLSKGGSGDVLTGMIAGFIAQGLSPLEASTVSVYLHGFAAELFEQDERGLTASELLRLIPEAIRRLKXX,AWWWFX,,2.062643748457853
GSKKLAEYKCNTNTAIELKLVRFPEDLENDIRTFFPEYTHQLFGDDETAFGYKGLKILLYYIAGSLSTMFRVEYASKVDENFDCVEADDVEGKIRQIIPPGFCTNTNDFLSLLEKEVDFKPFGTLLHTYSVLENFTFQIYKADMTCRGFREYHERLQTFLMWFIETASFIDVDDERWHYFLVFEKYNKDGATLFATVGYMTVYNYYVYPDKTRPRVSQMLILTPFQGQGHGAQLLETVHRYYTEFPTVLDITAEDPSKSYVKLRDFVLVKLCQDLPCFSREKLMQGFNEDMAIEAQQKFKINKQHARRVYEILRLLVXXX,GGKKLGKAGKKKHR,,2.3096261330540973
KEKFERTKPHVNVGTIGHVDHGKTTLTAAITTVLAKTYGGAAKARGITINTSHVEYDTPTRHYAHVDCPGHADYVKNMITGAAQMDGAILVVAATDGPMPQTREHILLGRQVGVPYIIVFLNKCDMVDDEELLELVEMEVRELLSQYDFPGDDTPIVRGSALKALEGDAEWEAKILELAGFLDSYIPEPERAIDKPFLLPIEDVFSITVVTGRVERGIIKVGEEVEIVGIKETQKSTCTGVEMFRKLLDEGRAGENVGVLLRGIKREEIERGQVLAKPGTIKPHTKFESEVYILSKDEGGRHTPFFKGYRPQFYFRTTDVTGTIELPEGVEMVMPGDNIKMVVTLIHPIAMDDGLRFAIREGGRTVGAGVVAKVLGXX,SSNXXXXXXXXX,,1.4948239550220843
GIRKVLLLKEDHEGLGISITGGKEHGVPILISEIHPGQPADRCGGLHVGDAILAVNGVNLRDTKHKEAVTILSQQRGEIEFEVVYV,SRWPTTII,,1.5354795661214335
EVKLEESGGGLVQPGGSMKLSCVASRFTLSKYWMNWVRQSPEKGLEWVAQIRLKSDNYATXXYAESVKGRFTISRDDSKSSVYLQMNNLRAEDTGIYYCTGEIFVNWGQGTLVTVSAASTKGPSVFPLAPTAALGCLVKDYFPEPVTVSWNSGALTSGVHTFPAVLQSSGLYSLSSVVTVPSSSLGTQTYICNVNHKPSNTKVDKKVEPKX,DQLDETTALLYLSKX,,4.097766683158503
AYQLTEEQIAEFKEAFSLFDKDGDGTITTKELGTVMRSLGQNPTEAELQDMINEVDADGNGTIDFPEFLTMMARKMKDTDSEEEIREAFRVFDKDGNGYISAAELRHVMTNLGEKLTDEEVDEMIREADIDGDGQVNYEEFVQMMTAXXXXXXX,KKVKFKKKKIKQQARKKKRFMKK,,6.461475649184982
SQYLAQSGSEVKKPGASVKVSCRLHGDKFGAHYIHWVRQAPGQGLEWLGFFHPGTGDAVSAQKFQGRISLTRDTSISTGYLEVRRLSSDDTAVYYCARDKTYSDEATGMDIWGQGTTVIVSSASTKGPSVFPLAPSSKSGTAALGCLVKDYFPEPVTVSWNSGALTSGVHTFPAVLQSSGLYSLSSVVTVPSSSLGTQTYICNVNHKPSNTKVDKKVEPK,APGIGGVF,,2.2594976556621313
ELPQMVQQLNSPDQQELQSALRKLSQIASGGNEQIQAVIDAGALPALVQLLSSPNEQILQEALWALSNIASGGNEQIQAVIDAGALPALVQLLSSPNEQILQEALWALSNIASGGNEQIQAVIDAGALPALVQLLSSPNEQILQEALWALSNIASGGNEQIQAVIDAGALPALVQLLSSPNEQILQEALWALSNIASGGNEQIQAVIDAGALPALVQLLSSPNEQILQEALWALSNIASGGNEQIQAVIDAGALPALVQLLSSPNEQILQEALWALSNIASGGNEQKQAVKEAGALEKLEQLQSHENEKIQKEAQEALEKLGGKRKRKRKRKRXXXXXXXX,KKRKKRRRKRTRARRRRRRRRKIKKKKIRKREEPKKRRRKKK,,3.8566706376891697
DTRPRFLEQVKHECHFFNGTERVRFLDRYFYHQEEYVRFDSDVGEYRAVTELGRPDAEYWNSQKDLLEQKRAAVDTYCRHNYGVGESFTVQRRVYPEVTVYPAKTQPLQHHNLLVCSVNGFYPGSIEVRWFRNGQEEKTGVVSTGLIQNGDWTFQTLVMLETVPRSGEVYTCQVEHPSLTSPLTVEWRASSADXX,RRAKLLLLSALLQAX,,6.80991192971673
SVLQVLHIPDERLRKVAKPVEEVNAEIQRIVDDMFETMYAEEGIGLAATQVDIHQRIIVIDVSENRDERLVLINPELLEKSGETGIEEGCLSIPEQRALVPRAEKVKIRALDRDGKPFELEADGLLAICIQHEMDHLVGKLFMDYLSPLKQQRIRQKVEKLDRLKARAX,MAS,,1.327307509090811
NWSVEDIVKGINSNNLESQLQATQAARKLLSREKQPPIDNIIRAGLIPKFVSFLGKTDCSPIQFESAWALTNIASGTSEQTKAVVDGGAIPAFISLLASPHAHISEQAVWALGNIAGDGSAFRDLVIKHGAIDPLLALLAVPDLSTLACGYLRNLTWTLSNLCRNKNPAPPLDAVEQILPTLVRLLHHNDPEVLADSCWAISYLTDGPNERIEMVVKKGVVPQLVKLLGATELPIVTPALRAIGNIVTGTDEQTQKVIDAGALAVFPSLLTNPKTNIQKEATWTMSNITAGRQDQIQQVVNHGLVPFLVGVLSKADFKTQKEAAWAITNYTSGGTVEQIVYLVHCGIIEPLMNLLSAKDTKIIQVILDAISNIFQAAEKLGETEKLSIMIEECGGLDKIEALQRHENESVYKASLNLIEKYFSV,SRRRKRRPPRRREEEKRAKKRRRKESSKKRERREDGEPLKKKRRRR,,5.869216504489925
GSHSMRYFDTAMSRPGRGEPRFISVGYVDDTQFVRFDSDAPWIEQEGPEYWDRNTQIFKTNTQTDRESLRNLRGYYNQSEAGSHTLQSMYGCDVGPDGRLLRGHNQYAYDGKDYIALNEDLRSWTAADTAAQITQRKWEAARVAEQDRAYLEGTCVEWLRRYLENGKDTLERADPPKTHVTHHPISDHEATLRCWALGFYPAEITLTWQRDGEDQTQDTELVETRPAGDRTFQKWAAVVVPSGEEQRYTCHVQHEGLPKPLTLRWEP,LRFWRARTL,,5.063782353144618
TTGERPFSDIITSVRYWVIHSITIPALFIAGWLFVSTGLAYDVFGTPRPDSYYAQEQRSIPLVTDRFEAKQQVETFLEQLKXXX,IPFVTVVAVHTTAVATTTTFNFIAYMMQFQSRLX,,3.8754048695373697
KPRVLVLTGAGISAESGIGLWEEHRVEDVGTPEGFDRDPELVQAFYNARRRQLQQPEIQPNAAHLALAKLQDALGDRFLLVTQNCDNLHERAGNTNVIHMHGELLKVRCSQSGQALDWTGDVTPEDKCHCCQFPAPLRPHVVWFGEMPLGMDEIYMALSMADIFIAIGTSGHVYPAAGFVHEAKLHGAHTVELNLEPSQVGNEFAEKYYGPASQVVPEFVEKLLKGLX,GGGKXRHR,,1.915485523379011
SLALSLTADQMVSALLDAEPPILYSEYDPTRPFSEASMMGLLTNLADRELVHMINWAKRVPGFVDLTLHDQVHLLECAWLEILMIGLVWRSMEHPGKLLFAPNLLLDRNQGKCVEGMVEIFDMLLATSSRFRMMNLQGEEFVCLKSIILLNSGVYKDHIHRVLDKITDTLIHLMAKAGLTLQQQHQRLAQLLLILSHIRHMSNKGMEHLYSMKVPLSDLLLEMLDAHRX,KILHRLLLD,,1.3610871780750295
PVWSEPLYSLRPEHARERLQDDSVETVTSIEQAKVEEKIQEVFSSYKFNHLVPRLVLQREKHFHYLKRGLRQLTDAYECLDASRPWLCYWILHSLELLDEPIPQIVATDVCQFLELCQSPDGGFGGGPGQYPHLAPTYAAVNALCIIGTEEAYNVINREKLLQYLYSLKQPDGSFLMHVGGEVDVRSAYCAASVASLTNIITPDLFEGTAEWIARCQNWEGGIGGVPGMEAHGGYTFCGLAALVILKKERSLNLKSLLQWVTSRQMRFEGGFQGRCNKLVDGCYSFWQAGLLPLLHRALHAQGDPALSMSHWMFHQQALQEYILMCCQCPAGGLLDKPGKSRDFYHTCYCLSGLSIAQHFGSGAMLHDVVMGVPENVLQPTHPVYNIGPDKVIQATTHFLQKPVPGFXXX,CCIIX,,2.189519357589625
AELTPEVLTVPLNSEGKTITLTEKQYLEGKRLFQYACASCHVGGITKTNPSLDLRTETLALATPPRDNIEGLVDYMKNPTTYDGEQEIAEVHPSLRSADIFPKMRNLTEKDLVAIAGHILVEPKILGDKWGGGKVYYX,SSEEGRPILWIATTTGGGGVIIIVLFLFYAYYGSLSXLXXX,,2.9303839133093423
QDSTSDLIPAPPLSKVPLQQNFQDNQFHGKWYVVGVAGNKSLREDKDPWKMYATIYELKEDKSYNVTSVGFGTKKCHYKIRTFVPGSQPGEFTLGRIKSRPGRTSALVRVVSTNYNQHAMVFFKVVQQNRESFNITLYGRTKELTSELKENFIRFSKSLGLPENHIVFPVPIDQCIDGSAWSHPQFEK,LVFFAEDDDMCEX,,3.103055528675416
MKVSRDSKVTTVVATPGQGPDRPQEVSYTDTKVIGNGSFGVVYQAKLCDSGELVAIKKVLQDKRFKNRELQIMRKLDHCNIVRLRYFFYSSGEKKDEVYLNLVLDYVPETVYRVARHYSRAKQTLPVIYVKLYMYQLFRSLAYIHSFGICHRDIKPQNLLLDPDTAVLKLCDFGSAKQLVRGEPNVSYICSRYYRAPELIFGATDYTSSIDVWSAGCVLAELLLGQPIFPGDSGVDQLVEIIKVLGTPTREQIREMNPNYTEFKFPQIKAHPWTKVFRPRTPPEAIALCSRLLEYTPTARLTPLEACAHSFFDELRDPNVKLPNGRDTPALFNFTTQELSSNPPLATILIPPHARHXXXXX,PVPPVQLLELSLIRAAAEQQQ,,3.7914807368329466
LNLVSEQLLAANGLKHQDLFAILGQLAERRLDYGDLYFQSSYHESWVLEDRIIKDGSYNIDQGVGVRAISGEKTGFAYADQISLLALEQSAQAARTIVRDSGDGKVQTLGAVEHSPLYTSVDPLQSMSREEKLDILRRVDKVAREADKRVQEVTASLSGVYELILVAATDGTLAADVRPLVRLSVSVLVEEDGKRERGASGGGGRFGYEFFLADLDGEVRADAWAKEAVRMALVNLSAVAAPAGTMPVVLGAGWPGVLLHAAVGHGLEGDFNRRGTSVFSGQVGELVASELCTVVDDGTMVDRRGSVAIDDEGTPGQYNVLIENGILKGYMQDKLNARLMGMTPTGNGRRESYAHLPMPRMTNTYMLPGKSTPQEIIESVEYGIYAPNFGGGQVDITSDKFVFSTSEAYLIENGKVTKPVKGATLIGSGIETMQQISMVGNDLKLDNGVGVCGKEGQSLPVGVGQPTLKVDNLTVGGTAXXX,AAAAAA,,1.3515778937362395
KLDIKKTFSNRSDRVKGIDFHPTEPWVLTTLYSGRVEIWNYETQVEVRSIQVTETPVRAGKFIARKNWIIVGSDDFRIRVFNYNTGEKVVDFEAHPDYIRSIAVHPTKPYVLSGSDDLTVKLWNWENNWALEQTFEGHEHFVMCVAFNPKDPSTFASGCLDRTVKVWSLGQSTPNFTLTTGQERGVNYVDYYPLPDKPYMITASDDLTIKIWDYQTKSCVATLEGHMSNVSFAVFHPTLPIIISGSEDGTLKIWNSSTYKVEKTLNVGLERSWCIATHPTGRKNYIASGFDNGFTVLSLA,AARHLD,,6.005674074409981
MPVFHTRTIESILEPVAQQISHLVIMHEEGEVDGKAIPDLTAPVSAVQAAVSNLVRVGKETVQTTEDQILKRDMPPAFIKVENACTKLVRAAQMLQADPYSVPARDYLIDGSRGILSGTSDLLLTFDEAEVRKIIRVCKGILEYLTVAEVVETMEDLVTYTKNLGPGMTKMAKMIDERQQELTHQEHRVMLVNSMNTVKELLPVLISAMKIFVTTKNTKSQGIEEALKNRNFTVEKMSAEINEIIRVLQLTSWDED,PRLLMLLAAKSSAVTSSLLLLYALSA,,4.438295895337119
APMKLYGAVMSWNLTRCATALEEAGSDYEIVPINFATAEHKSPEHLVRNPFGQVPALQDGDLYLFESRAICKYAARKNKPELLREGNLEEAAMVDVWIEVEANQYTAALNPILFQVLISPMLGGTTDQKVVDENLEKLKKVLEVYEARLTKCKYLAGDFLSLADLNHVSVTLCLFATPYASVLDAYPHVKAWWSGLMERPSVQKVAALM,SAX,,3.3825325735434766
LRGLSEDTLEQLYALGFNQYQAGKWDDAQKIFQALCMLDHYDARYFLGLGACRQSLGLYEQALQSYSYGALMDINEPRFPFHAAECHLQLGDLDGAESGFYSARALAAAQPAHEALAARAGAMLEAVTARKDX,RVLRLIARR,,3.421928306827632
SGSKFRGHQKSKGNSYDVEVVLQHVDTGNSYLCGYLKIKGLTEEYPTLTTFFEGEIISKKHPFLTRKWDADEDVDRKHWGKFLAFYQYAFNSDDFDYEELKNGDYVFMRWKEQFLVPDHTIKDISGASFAGFYYICFQKSAASIEGYYYHRSSEWYQSLNLTHVXXXXXX,PHRWS,,2.6406459349762352
EKCFDHAAGTSYVVGETWEKPYQGWMMVDCTCLGEGSGRITCTSRNRCNDQDTRTSYRIGDTWSKKDNRGNLLQCICTGNGRGEWKCER,QQTTSENLEFFFEDST,,3.847463179573236
NYMGNPWTEYMAKYDIEEVHGSGIRVDLGEDAEVAGTQYRLPSGKCPVFGKGIIIENSNTTFLKPVATGNQDLKDGGFAFPPTNPLISPMTLNGMRDFYKNNEYVKNLDELTLCSRHAGNMNPDNDKNSNYKYPAVYDYNDKKCHILYIAAQENNGPRYCNKDQSKRNSMFCFRPAKDKLFENYTYLSKNVVDNWEEVCPRKNLENAKFGLWVDGNCEDIPHVNEFSANDLFECNKLVFELSASDQPKQYEQHLTDYEKIKEGFKNKNASMIKSAFLPTGAFKADRYKSHGKGYNWGNYNRETQKCEIFNVKPTCLINNSSYIATTALSHPIEVE,CTTTMSPPPQQIC,,1.5356050932830327
LNVEQSPQSLHVQEGDSTNFTCSFPSSNFYALHWYRWETAKSPEALFVMTLNGDEKKKGRISATLNTKEGYSYLYIKGSQPEDSATYLCAFKAAGNKLTFGGGTRVLVKPNIQNPDPAVYQLRDSKSSDKSVCLFTDFDSQTNVSQSKDSDVYITDKCVLDMRSMDFKSNSAVAWSNKSDFACANAFNNSIIPEDTFFPSXX,RPYPPLQGQQTQX,,2.4161677662223204
NSIFATNRDQESSGFAWWAGNARLINLSGKLLGAHVAHAGLIVFWAGAMTLFELAHFIPEKPMYEQGLILIPHIATLGWGVGPGGEVVDTFPFFVVGVVHLISSAVLGFGGVYHAIRGPETLEEYSSFFGYDWKDKNKMTTILGFHLIVLGIGALLLVAKAMFFGGLYDTWAPGGGDVRVITNPTLDPRVIFGYLLKSPFGGEGWIVSVNNLEDVVGGHIWIGLICIAGGIWHILTTPFGWARRAFIWSGEAYLSYSLGALSMMGFIATCFVWFNNTVYPSEFYGPTGPEASQAQAMTFLIRDQKLGANVGSAQGPTGLGKYLMRSPTGEIIFGGETMRFWDFRGPWLEPLRGPNGLDLNKIKNDIQPWQERRAAEYMTHAPLGSLNSVGGVATEINSVNFVSPRSWLATSHFVLAFFFLVGHLWHAGRARAAAAGFEKGIDRESEPVLSMPSLDXXXXXXXXXXXXXXXXXXXXXXXXXXXXXXXXXXXXXXXXXXXX,XETNTLVRYVVAHFVLLVSVILIREAPRIESSKXX,,3.591252522752008
IVNGEEAVPGSWPWQVSLQDKTGFHFCGGSLINENWVVTAAHCGVTTSDVVVAGEFDQGSSSEKIQKLKIAKVFKNSKYNSLTINNDITLLKLSTAASFSQTVSAVCLPSASDDFAAGTTCVTTGWGLTRY,CAVPACQQVPSSCGCNCCCCGGGGDCCCGCGCCCTTTCCCGACCGG,,5.3037936172240645
MGSMAMDTFITRNFQTTIIQKAKNTMAEFSEDPELQPAMLFNICVHLEVCYVISDMNFLDEEGKSYTALEGQGKEQNLRPQYEVIEGMPRTIAWMVQRSLAQEHGIETPKYLADLFDYKTKRFIEVGITKGLADDYFWKKKEKLGNSMELMIFSYNQDYSLSNESSLDEEGKGRVLSRLTELQAELSLKNLWQVLIGEEDVE,AAMTKLALAAKTRAQLFKK,,7.444901957519733
ENLYFQGDLIVSMRILGKKRTKTWHKGTLIAIQTVGPGKKYKVKFDNKGKSLLSGNHIAYDYHPPADKLYVGSRVVAKYKDVWLYAGIVAETPNVKNKLRFLIFFDDGYASYVTQSELYPICRPLKKTWEDIEDISCRDFIEEYVTAYPNRPMVLLKSGQLIKTEWEGTWWKSRVEEVDGSLVRILFLDDKRCEWIYRGSTRLEPMFXXX,ARPX,,2.8733913785917764
RTGSSWFKIFLFYLIFYGCLAGIFIGTIQVLLLTLSDFEPKYQDRVAPPGLSHAPYAIKTEISFSISNPKSYESFVKSMHKLMDLYNESSQAGNSPFEDCSDTPADYIKRGDLDDSQGQKKACRFSRMWLKNCGYAEGKPCVVAKLNRIIGFYPKPLKNTTDLPEELQANYNQYVLPLRCAAREKIGSIEYFGLGGYAGFPLQYYPYYGKRLQKKYLQPLLAIQFTNLTQNMELRIECKVYGENIDYSEKDRFRGRFEVKIEVKSX,GTTDDAKLIATSGKLDLYAVLLLFVALLLGSGPPGYGXX,,5.938925557762748
GDELYRQSLEIISRYLREQATSGATSRKALETLRRVGDGVQRNHETAFQGMLRKLDIKNEDDVKSLSRVMIHVFSDGVTNWGRIVTLISFGAFVAKHLKTINQESCIEPLAESITDVLVRTKRDWLVKQRGWDGFVEFFHVXX,AMENQQRRARVLIGNLRQAR,,5.048712969260284
STPFHGHVGRGAFSDVYEPAEDTFLLLDALEAAAAELAGVEICLEVGSGSGVVSAFLASMIGPQALYMCTDINPEAAACTLETARCNKVHIQPVITDLVKGLLPRLTEKVDLLVFNPPYVVTPPQEVGSHGIEAAWAGGRNGREVMDRFFPLVPDLLSPRGLFYLVTIKENNPEEILKIMKTKGLQGTTALSRQAGQETLSVLKFTKX,XKKGA,,3.8752371728789394
GSHSMRYFFTSVSRPGRGEPRFIAVGYVDDTQFVRFDSDAASQRMEPRAPWIEQEGPEYWDGETRKVKAHSQTHRVDLGTLRGYYNQSEAGSHTVQRMYGCDVGSDWRFLRGYHQYAYDGKDYIALKEDLRSWTAADMAAQTTKHKWEAAHVAEQLRAYLEGTCVEWLRRYLENGKETLQRTDAPKTHMTHHAVSDHEATLRCWALSFYPAEITLTWQRDGEDQTQDTELVETRPAGDGTFQKWVAVVVPSGQEQRYTCHVQHEGLPKPLTLRWEP,RLAPGVLTL,,4.715702212913554
EDIVADHVASCGVNLYQFYGPSGQYTHEFDGDEQFYVDLERKETAWRWPEFSKFGGFDPQGALRNMAVAKHNLNIMIKRYNSTAATNEVPEVTVFSKSPVTLGQPNTLICLVDNIFPPVVNITWLSNGQSVTEGVSETSFLSKSDHSFFKISYLTFLPSADEIYDCKVEHWGLDQPLLKHWEPEIPAPMSELTETVD,KVVPLFLMMPYAPRCLLALA,,7.517929973691068
GSQIPASEQETLVRPKPLLLKLLKSVGAQKDTYTMKEVLFYLGQYIMTKRLYDEKQQHIVYCSNDLLGDLFGVPSFSVKEHRKIYTMIYRNLVVVNQ,TTFXEYYAQLPP,,2.762896807957814
GPLGSDDVEWVVGKDKPTYDEIFYTLSPVNGKITGANAKKEMVKSKLPNTVLGKIWKLADVDKDGLLDDEEFALANHLIKVKLEGHELPADLPPHLVPPSKRRHEX,FFYESDDPNNPTKKK,,2.8281169490306617
EVQLQQSGAELVRPGTSVKMSCKAAGYTFTKYWIGWVKQRPGHGLEWIGDIHPGSFYSNYNEKFKGKATLTADTSSSTAYMQLSSLTSEDSAIYYCARDYYTNYGDWGQGTSVTVSGGSDIVMTQAAPSVSVTPGESVSISCRSSKSLLHRNGNTYLFWFLQRPGQSPQLLIYRMSNLASGVPDRFSGSGSGTAFTLRISRVEAEDVGVYYCMQHLEYPYTFGSGTKLELKV,INYYTSSP,,1.443012389334075
TQLDEKQHIVINNGAEPQSFDPHKTEGVPESNVAYQLLEGLVTSDSEGKLQPGAAESWENTPDFKTWTFHLRKDAKWSNGDPVTAHDFVFAWRRLVDPATAAPYASYLSYLQVENAQDIIDGKKKPAELGVEAKDDYTFVVHATNPVPYAVSLTTHQSLLPLPQKVVEKLGDAWVKKENYVGNGAYKLANHIINEKIEFERNPLYWNDKETVINSATFLAIENPSTDVARYRAGDLDMTSYGLPPEQFAKLKKELLGEVYVTRTLGTYSYELNNKKAPFDNVNIRKALNLSLDRNVITDKVLGQGQTPTYVFTPTYIEEGHLIQQPAYSKEPMAQRNEEAIKLLEEAGYSKANPLKFSILYNTNENHKKVAIAAASMWKANTKGLIDVKLENQEWKTYIDSRRAGRYDVARAGWHADYNQATTFGNYFLSNSSNNTAKYANPEYDKAMAESYAATDAEGRAKAYAKAEEILGKDYGIVPIFNYVNPRLVKPYVKGYSGKDPQDHIYLRNLYIIKH,YLGANG,,2.1608688269052005
PSHSGAAIFEKVSGIIAINEDVSPAELTWRSTDGDKVHTVVLSTIDKLQATPASSEKMMLRLIGKVDESKKRKDNEGNEVVPKPQRHMFSFNNRTVMDNIKMTLQQIISRYKDAD,GDGSSEESDEDSEEDSEEESLSEDSSAAASLAVSP,,8.578050200674419
AMGKCPTKVVLLRNMVGAGEVDEDLEVETKEECEKYGKVGKCVIFEIPGAPDDEAVRIFLEFERVESAIKAVVDLNGRYFGGRVVKACFYNLDKFRVLDLAEQVW,VRRSWWEEPP,,2.293691902732401
DIVMTQSPSSLTVTTGEKVTMTCKSSQSLLNSRTQKNYLTWYQQKPGQSPKLLIYWASTRESGVPDRFTGSGSGTDFTLSISGVQAEDLAVYYCQNNYNYPLTFGAGTKLELKRADAAPTVSIFPPSSEQLTSGGASVVCFLNNFYPKDINVKWKIDGSERQNGVLNSWTDQDSKDSTYSMSSTLTLTKDEYERHNSYTCEATHKTSTSPIVKSFNRNEC,LRLPLEEPERLEAAT,,9.54436954869574
SPRVVRIVKSESGYGFNVRGQVSEGGQLRSINGELYAPLQHVSAVLPGGAADRAGVRKGDRILEVNGVNVEGATHKQVVDLIRAGEKELILTVLSV,EEETCL,,2.5593204916140544
DKYETNVSYKKLNQLAPYFKGFDGSFVLYNEREQAYSIYNEPESKQRYSPNSTYKIYLALMAFDQNLLSLNHTEQQWDKHQYPFKEWNQDQNLNSSMKYSVNWYYENLNKHLRQDEVKSYLDLIEYGNEEISGNENYWNESSLKISAIEQVNLLKNMKQHNMHFDNKAIEKVENSMTLKQKDTYKYVGKTGTGIVNHKEANGWFVGYVETKDNTYYFATHLKGEDNANGEKAQQISERILKEMELIX,XPPX,,2.1381617519959524
SMSTGDFLTKGIELVQKAIDLDTATQYEEAYTAYYNGLDYLMLALKYEKNPKSKDLIRAKFTEYLNRAEQLKKHLESEEANAA,SSSNNNEEKLERHSSPSPVVVP,,5.37881738725918
LLIEPARIEEEELTLTILRQTGGLGISIAGGKGSTPYKGDDEGIFISRVSEEGPAARAGVRVGDKLLEVNGVALQGAEHHEAVEALRGAGTAVQMRVWRER,GSYLVTSL,,1.863801905631983
ASMEINVSKLRTDLPQVGVQPYRQVHAHSTGNPHSTVQNEADYHWRKDPELGFFSHIVGNGAIMQVGPVDNGAWDVGGGWNAETYAAVELIESHSTKEEFMTDYRLYIELLRNLADEAGLPKTLDTGSLAGIKTAEYATNNQPNNHSDHVDPYPYLAKWGISREQFKHDIENGLTI,XXX,,1.368924142446578
ATLPQLTPTLVSLLEVIEPEVLYAGYDSSVPDSTWRIMTTLNMLGGRQVIAAVKWAKAIPGFRNLHLDDQMTLLQYSWMALMAFALGWRSYRQSSANLLYFAPDLIINEQRMTLPCMYDQCKHMLYVSSELHRLQVSYEEYLCMKVLLLLSTIPKDGLKSQALFDAIRMTYIKELGKAIVKREGNSSQNWQRFYQLTKLLDSMHEVVENLLNYCFQTFLDKTMSIEFPEMLAEIITNQIPKYSNGNIKKLLFHQKX,NLNELRYYLLKLDE,,3.488860774570271
PQLTPTLVSLLEVIEPEVLYAGYDSSVPDSTWRIMTTLNMLGGRQVIAAVKWAKAIPGFRNLHLDDQMTLLQYSWMYLMAFALGWRSYRQSSANLLCFAPDLIINEQRMTLPGMYDQCKHMLYVSSELHRLQVSYEEYLCMKTLLLLSSVPKDGLKSQELFDEIRMTYIKELGKAIVNWQRFYQLTKLLDSMHEVVENLLNYCFQTFLDKTMSIEFPEMLAEIITNQIPKYSNGNIKKLLFHQKXX,EALLRLYLDK,,2.7152828324604914
VLTRQQKELIVKESEIFKKTSLILFADFLGFTVADLTELRSRLREKYGDGARFRVVKNTLLNLALKNAEYEGYEEFLKGPTAVLYVTEGDPVEAVKIIYNFYKDKKADLSRLKGGFLEGKKFTAEEVENIAKLPSKEELYALVGRVKAPITGLVFALSGILRNLVYVLNAIKEKK,TTDEIIEIIEEKTVEELEALKVKELEKK,,2.7181013416950517
YPFWAQQTYPETPREPTGRIVCANCHLAAKPTEVEVPQSVLPDTVFKAVVKIPYDTSVQQVGADGSKVGLNVGAVLMLPEGFKIAPEDRIPEELKEEIGDVYFQPYGEDKDNIVIVGPLPGEQYQEIVFPVLSPNPANDKNIHFGKYSVHVGGNRGRGQVYPTGEKSNNNLYSAAATGTISKIAKQEGEDGSVKYLVDISDTIPAGPELIVSEGQAVTAGDALTNNPNVGGFGQLDAEIVLQDANRVGWLIAFVALVMLAQVMLVLKKKQVEKVQAAEMNFXXX,MSANLLGGAFLVLTVLAGGLFFAWAGYKQYGGXGGX,,4.121129697112865
SLPAMIGGVYSDDNNLQLEATTQFRKLLSIERSPPIEEVIQSGVVPRFVQFLTREDFPQLQFEAAWALTNIASGTSENTKVVIDHGAVPIFVKLLGSSSDDVREQAVWALGNVAGDSPKCRDLVLANGALLPLLAQLNEHTKLSMLRNATWTLSNFCRGKPQPSFEQTRPALPALARLIHSNDEEVLTDACWALSYLSDGTNDKIQAVIEAGVCPRLVELLLHPSPSVLIPALRTVGNIVTGDDAQTQCIIDHQALPCLLSLLTQNLKKSIKKEACWTISNITAGNKDQIQAVINAGIIGPLVNLLQTAEFDIKKEAAWAISNATSGGSHDQIKYLVSEGCIKPLCDLLICPDIRIVTVCLEGLENILKVGETDKTLAAGDVNVFSQMIDEAEGLEKIENLQSHDNNEIYEKAVKILEAYWM,SPLRKKKVD,,3.510493885860609
MATSSEEVLLIVKKVRQKKQDGALYLMAERIAWAPEGKDRFTISHMYADIKCQKISPEGKAKIQLQLVLHAGDTTNFHFSNESTAVKERDAVKDLLQQLLPKFKRKAN,YAVGSDDEDDDFDENENLEEA,,4.309261543748215
ANTSSAYNSVYDFLRYHDRGDGLTVNGKTSYSIDQAAAQITRENVSWNGTNVFGKSANLTFKFLQSVSSIPSGDTGFVKFNAEQIEQAKLSLQSWSDVANLTFTEVTGNKSANITFGNYTRDASGNLDYGTQAYAYYPGNYQGAGSSWYNYNQSNIRNPGSEEYGRQTFTHEIGHALGLAHPGEYNAGEGDPSYNDAVYAEDSYQFSIHSYWGENETGADYNGHYGGAPMIDDIAAIQRLYGANMTTRTGDSVYGFNSNTDRDFYTATDSSKALIFSVWDAGGTDTFDFSGYSNNQRINLNEGSFSDVGGLKGNVSIAHGVTIENAIGGSGNDILVGNSADNILQGGAGNDVLYGGAGADTLYGGAGRDTFVYGSGQDSTVAAYDWIADFQKGIDKIDLSAFRNEGQLSFVQDQFTGKGQEVMLQWDAANSITNLWLHEAGHSSVDFLVRIVGQAAQSDIIVXXXXXXXXXXXX,AASX,,3.7735637902881383
XVQLQQSGPELVKPGTSVKMPCKASGYIFTDYVISWVKQRTGQGLEWIGEIFPRSGSTYYNEKFKGKATLTADKSSNTAYMQLSSVTSEDSAVYFCARDYYGTSFAMDYWGQGTSVTVSSAKTTPPSVYPLAPGSAQTNSMVTLGCLVKGYFPEPVTVTWNSGSLSSGVHTFPAVLQSDLYTLSSSVTVPSSTWPSETVTCNVAHPASSTKVDKKIVP,GTGGGHG,,4.216513465526857
PHSMRYFETAVSRPEEPRYISVGYVDNKEFVRFDSDAENPRYEPRAPWMEQEGPEYWERETQKAKGQEQWFRVSLRNLLGYYNQSAGGSHTLQQMSGCDLGSDWRLLRGYLQFAYEGRDYIALNEDLKTWTAADMAAQITRRKWEQSGAAEHYKAYLEGECVEWLHRYLKNGNATLLRTDSPKAHVTHHPRSKGEVTLRCWALGFYPADITLTWQLNGEELTQDMELVETRPAGDGTFQKWASVVVPLGKEQNYTCRVYHEGLPEPLTLRW,KSPENFAHL,,3.431922365675897
PVWSEPLYSLRPEHARERLQDDSVETVTSIEQAKVEEKIQEVFSSYKFNHLVPRLVLQREKHFHYLKRGLRQLTDAYECLDASRPWLCYWILHSLELLDEPIPQIVATDVCQFLELCQSPDGGFGGGPGQYPHLAPTYAAVNALCIIGTEEAYNVINREKLLQYLYSLKQPDGSFLMHVGGEVDVRSAYCAASVASLTNIITPDLFEGTAEWIARCQNWEGGIGGVPGMEAHGGYTFCGLAALVILKKERSLNLKSLLQWVTSRQMRFEGGFQGRCNKLVDGCYSFWQAGLLPLLHRALHAQGDPALSMSHWMFHQQALQEYILMCCQCPAGGLLDKPGKSRDFYHTCYCLSGLSIAQHFGSGAMLHDVVMGVPENVLQPTHPVYNIGPDKVIQATTHFLQKPVPGFXXX,TCVILX,,2.411540398295562
IRTEKIICRDVARGYENVPIPCVNGVDGEPCPEDYKYISENCETSTMNIDRNITHLQHCTCVDDCSSSNCLCGQLSIRCWYDKDGRLLQEFNKIEPPLIFECNQACSCWRNCKNRVVQSGIKVRLQLYRTAKMGWGVRALQTIPQGTFICEYVGELISDAEADVREDDSYLFDLDNKDGEVYCIDARYYGNISRFINHLCDPNIIPVRVFMLHQDLRFPRIAFFSSRDIRTGEELGFDYGDRFWDIKSKYFTCQCGSEKCKHSAEAIALEQXXXXX,RKTTQTRXTT,,3.1780820788185493
MQQDDDFQNFVATLESFKDLKSGISGSRIKKLTTYALDHIDIESKIISLIIDYSRLCPDSHKLGSLYIIDSIGRAYLDETRSNSNSSSNKPGTCAHAINTLGEVIQELLSDAIAKSNQDHKEKIRMLLDIWDRSGLFQKSYLNAIRSKCFAMDLEHHHHHH,DPYPPYPPSSPX,,3.3196655167441107
SVVKSEDYALPSYVDRRDYPLPDVAHVKNLSASQKALKEKEKASWSSLSIDEKVELYRLKFKESFAEMNRSTNEWKTVVGAAMFFIGFTALLLIWEKHYVYGPIPHTFEEEWVAKQTKRMLDMKVAPIQGFSAKWDYDKNEWKKX,TTDFHDGYPNPPLASLAFFLAAVVYMMMQGIGEWWNPSPSRRSPWWLWX,,4.0323807809057115
LPGEGTQVHPRAPLLQILKVAGAQEEVFTVKEVMHYLGQYIMMKQLYDKQRQHIVHCHDDPLGELLEVGSFSVKNPSPLYEMLKRNLVIL,QTFFDYWKKLPENNX,,2.266038648722481
SGISLDNSYKMDYPEMGLCIIINNKNFHKSTGMTSRSGTDVDAANLRETFRNLKYEVRNKNDLTREEIVELMRDVSKEDHSKRSSFVCVLLSHGEEGIIFGTNGPVDLKKITNFFRGDRCRSLTGKPKLFIIQACRGTELDCGIETHKIPVEADFLYAYSTAPGYYSWRNSKDGSWFIQSLCAMLKQYADKLEFMHILTRVNRKVATEFESFSFDATFHAKKQIPCIQSMLTKELYFYH,EETX,,2.430153185537846
GNAASVKEFLAKAKEDFLKKWETPSQNTAQLDQFDRIKTLGTGSFGRVMLVKHKESGNHYAMKILDKQKVVKLKQIEHTLNEKRILQAVNFPFLVKLEFSFKDNSNLYMVMEYVAGGEMFSHLRRIGRFSEPHARFYAAQIVLTFEYLHSLDLIYRDLKPENLLIDQQGYIQVTDFGFAKRVKGRTWLCGTPEYLAPEIILSKGYNKAVDWWALGVLIYEMAAGYPPFFADQPIQIYEKIVSGKVRFPSHFSSDLKDLLRNLLQVDLTKAFGNLKNGVNDIKNHKWFATTDWIAIYQRKVEAPFIPKFKGPGDTSNFDDYEEEEIRVXINEKCGKEFTEFXXX,TTYADFIASGRTGSNNAI,,1.5750784062070082
MADKELKFLVVDDFSTMRRIVRNLLKELGFNNVEEAEDGVDALNKLQAGGFGFIISDWNMPNMDGLELLKTIRADSAMSALPVLMVTAEAKKENIIAAAQAGASGYVVKPFTAATLEEKLNKIFEKLGM,QVDDLLDSLLN,,1.9141809837437302
LHSQANLMRLKSDLFYPGPTKDDPLTVTLGFTLQDIVKADSSTNEVDLVYYEQQRWKLNSLMWDPNEYGNITDFRTSAADIWTPDITAYSSTRPVQVLSPQIAVVTHDGSVMFIPAQRLSFMCDPTGVDSEEGATCAVKFGSWVYSGFEIDLKTDTDQVDLSSYYASSKYEILSATQTRQVQHYSCCPEPYIDVNLVVKFRER,GCCSTPPCRAWCCX,,1.7056340488786423
VNPTVFFDIAVDGEPLGRVSFELFADKVPKTAENFRALSTGEKGFGYKGSCFHRIIPGFMCQGGDFTRHNGTGGKSIYGEKFEDENFILKHTGPGILSMANAGPNTNGSQFFICTAKTEWLDGKHVVFGKVKEGMNIVEAMERFGSRNGKTSKKITIADCGQLE,XYAPA,,4.0581599484749065
GLTEEQRMMIRELMDAQMKTFDTTFSHFKNFRLPGVREEAAKWSQVRKDLCSLKVSLQLRGEDGSVWNYKPPADSGGKEIFSLLPHMADMSTYMFKGIISFAKVISYFRDLPIEDQISLLKGAAFELCQLRFNTVFNAETGTWECGRLSYCLEDTAGGFQQLLLEPMLKFHYMLKKLQLHEEEYVLMQAISLFSPDRPGVLQHRVVDQLQEQFAITLKSYIECNRPQPAHRFLFLKIMAMLTELRSINAQHTQRLLRIQDIHPFATPLMQELFGIX,SSREHHKLLLLQLQG,,3.4693509595671506
IVEGSDAEIGMSPWQVMLFRKSPQELLCGASLISDRWVLTAAHCLLYPPWDKNFTENDLLVRIGKHSRTRYERNIEKISMLEKIYIHPRYNWRENLDRDIALMKLKKPVAFSDYIHPVCLPDRETAASLLQAGYKGRVTGWGNLKETKGQPSVLQVVNLPIVERPVCKDSTRIRITDNMFCAGYKPDEGKRGDACEGDAGGPFVMKSPFNNRWYQMGIVSWGEGCDRDGKYGFYTHVFRLKKWIQKVIDQFG,FYETFTFNRRTTFSEAADAGCGRLFEFKSLSDKTKRRLLLLYIIIR,,3.414840199433044
RDQESSGFAWWAGNARLINLSGKLLGAHVAHAGLIVFWAGAMTLFELAHFIPEKPMYEQGLILIPHIATLGWGVGPGGEVVDTFPFFVVGVVHLISSAVLGFGGVYHAIRGPETLEEYSSFFGYDWKDKNKMTTILGFHLIVLGIGALLLVAKAMFFGGLYDTWAPGGGDVRVITNPTLDPRVIFGYLLKSPFGGEGWIVSVNNLEDVVGGHIWIGLICIAGGIWHILTTPFGWARRAFIWSGEAYLSYSLGALSMMGFIATCFVWFNNTVYPSEFYGPTGPEASQAQAMTFLIRDQKLGANVGSAQGPTGLGKYLMRSPTGEIIFGGETMRFWDFRGPWLEPLRGPNGLDLNKIKNDIQPWQERRAAEYMTHAPLGSLNSVGGVATEINSVNFVSPRSWLATSHFVLAFFFLVGHLWHAGRARAAAAGFEKGIDRESEPVLSMPSLDXXXXXXXXXXXXXXXXXXXXX,MPTIPIKQFVVVLRVGLYVLFGFLSVLFLRFSSRFXXX,,3.9786064342318475
GSHGFHSLRYFYTAWSRPGSGEPRFVAVGYVDDTQFVRFDSDNASPRAEPRAPWMDLVEQQDPQYWDRNTRNARDAAQTYRVGLDNVRGYYNQSEAGSHTIQRMYGCDVGPHGRLLRGYDQLAYDGADYIALNEDLRSWTAADLAAQNTRRKWEEAGYAERDRAYLEGECVEWLLKHLENGRETLLRADPPKTHITHHPISDREVTLRCWALGFYPEEITLTWQHDGEDQTQEMELVETRPDGNGAFQKWAALVVPSGEEQRYTCHVQHEGLPQPLTLRW,GIPPVVFTL,,5.417455373311132
GSSDKGKLSLQDVAELIRARACQRVVVMVGAGISTPSGIPDFRSPGSGLYSNLQQYDLPYPEAIFELPFFFHNPKPFFTLAKELYPGNYKPNVTHYFLRLLHDKGLLLRLYTQNIDGLERVSGIPASKLVEAHGTFASATCTVCQRPFPGEDIRADVMADRVPRCPVCTGVVKPDIVFFGEPLPQRFLLHVVDFPMADLLLILGTSLEVEPFASLTEAVRSSVPRLLINRDLVGPLAWHPRSRDVAQLGDVVHGVESLVELLGWTEEMRDLVQRETGKLDGPDK,SSGVMR,,2.2255008943049694
NLNKSGGKKFILELIETVYEEILDLEANLRNGQQTDSTAMWEALHIDDSSYDVNPFISMLSFDKGIKIMPRIFNFLDKQQKLKILQKIFNELSHLQIIILSSYKTTPKPTLTQLKKVDLFQMIILKIIVSFLSNNSNFIEIMGLLLQLIRNNNVSFLTTSKIGLNLITILISRAALIKISTWNEIYDKLFTSLESKIQLIFPPREYNDHIMRLQNDKFMDEAYIWAFLASLAASGKLNHQRIIIDEVRDEIFATINEAETLQKKEKELSVLPQRSQELDTELKSIIYNKEKLYQDLNLFLNVMGLVYRDGEISELKXX,NSSSSLLLLDLAS,,2.6393386229999436
GSHSMRYFFTSVSRPGRGEPRFIAVGYVDDTQFVRFDSDAASQKMEPRAPWIEQEGPEYWDQETRNMKAHSQTDRANLGTLRGYYNQSEDGSHTIQIMYGCDVGPDGRFLRGYRQDAYDGKDYIALNEDLRSWTAADMAAQITKRKWEAVHAAEQRRVYLEGRCVDGLRRYLENGKETLQRTDPPKTHMTHHPISDHEATLRCWALGFYPAEITLTWQRDGEDQTQDTELVETRPAGDGTFQKWAAVVVPSGEEQRYTCHVQHEGLPKPLTLRW,RTAPRAMTK,,5.289016162367542
PQITLWKRPLVTIRIGGQLKEALLNTGSDFTVLEEMNLPGKWKPKMIRGIGGFIKVRQYDQIPVEILGHKAIGTVLVGPTPVNIIGRNLLTQIGMTLNFPQITLWKRPLVTIRIGGQLKEALLNTGSDDTVLEEMNLPGKWKPKMIGGIGGFIKVRQYDQIPVEILGHKAIGTVLVGPTPVNIIGRNLLTQIGMTLNF,PTINEID,,4.6483458317528745
MQTIKCVVVGDVAVGKTCLLISYTTNKFPSEYVPTVFDNYAVTVMIGGEPYTLGLFDTAGQEDYDRLRPLSYPQTDVFLVCFSVVSPSSFENVKEKWVPEITHHCPKTPFLLVGTQIDLRDDPSTIEKLAKNKQKPITPETAEKLARDLKAVKYVECSALTQKGLKNVFDEAILAALEXXXXXX,GSPSHSPDEEQHHDFHTQQGPPTRQLQII,,5.992218191966014
SMQIFVKTLTGKTITLEVEPSDTIENVKAKIQDKEGIPPDQQRLIFAGKQLEDGRTLSDYNIQKESTLHLVLRLR,SKQCRACACDDHTNTNCNCGCCCCCQQFFQRYXX,,5.099887390178424
FLGEEDIPREPRRIVIHRGSTGLGFNIVGGEDGEGIFISFILAGGPADLSGELRKGDQILSVNGVDLRNASHEQAAIALKNAGQTVTIIAQYKPEEYSRFEANSRVDSSGRIVTD,KKQTPV,,1.3601773982617402
GSHSMRYFFTSVSRPGRGEPRFIAVGYVDDTQFVRFDSDAASQRMEPRAPWIEQEGPEYWDGETRKVKAHSQTHRVDLGTLRGYYNQSEAGSHTVQRMYGCDVGSDWRFLRGYHQYAYDGKDYIALKEDLRSWTAADMAAQTTKHKWEAAHVAEQLRAYLEGTCVEWLRRYLENGKETLQRTDAPKTHMTHHAVSDHEATLRCWALSFYPAEITLTWQRDGEDQTQDTELVETRPAGDGTFQKWAAVVVPSGQEQRYTCHVQHEGLPKPLTLRW,SLLLGLAV,,5.32977534297237
MELTPDQQTLLHFIMDSYNKQRMPQEITNKILKEAFSAEENFLILTEMATNHVQVLVEFTKKLPGFQTLDHEDQIALLKGSAVEAMFLRSAEIFNKKLPSGHSDLLEARIRNSGISDEYITPMFSFYKSIGELKMTQEEYALLTAIVILSPDRQYIKDREAVEKLQEPLLDVLQKLCKIHQPENPQHFACLLGRLTELRTFNHHHAEMLMSWRVNDHKFTPLLCEIWDVQX,HQQQLRYLLLKDD,,2.431422244069987
RLVQLSRHSIAFPSPEGALREPNGLLALGGDLSPARLLMAYQRGIFPWFSPGDPILWWSPDPRAVLWPESLHISRSMKRFHKRSPYRVTMNYAFGQVIEGCASDREEGTWITRGVVEAYHRLHELGHAHSIEVWREDELVGGMYGVAQGTLFCGESMFSRMENASKTALLVFCEEFIGHGGKLIDCQVLNDHTASLGACEIPRRDYLNYLNQMRLGRLPNNFWVPRCLFSPQE,FLYYL,,5.087361316266225
IVEGSDAEIGMSPWQVMLFRKSPQELLCGASLISDRWVLTAAHCLLYPPWDKNFTENDLLVRIGKHSRTRYERNIEKISMLEKIYIHPRYNWRENLDRDIALMKLKKPVAFSDYIHPVCLPDRETAASLLQAGYKGRVTGWGNLKETGQPSVLQVVNLPIVERPVCKDSTRIRITDNMFCAGYKPDEGKRGDACEGDSGGPFVMKSPFNNRWYQMGIVSWGEGCDRDGKYGFYTHVFRLKKWIQKVIDQFXX,TFGSGEADDGLLPLFKKKKSLLKKETEEESSSIIGX,,2.781677056961639
TTTLAFKFRHGVIVAADSRATAGAYIASQTVKKVIEINPYLLGTMAGGAADCSFWERLLARQCRIYELRNKERISVAAASKLLANMVYQYKGMGLSMGTMICGWDKRGPGLYYVDSEGNRISGATFSVGSGSVYAYGVMDRGYSYDLEVEQAYDLARRAIYQATYRDAYSGGAVNLYHVREDGWIRVSSDNVADLHEKYSGXXXXX,LIXX,,1.9643140937359793
FIDEDKMDQLLQMLQSTDPSDDQPDLPELLHLEAMCHQMGPLIDEKLEDIDRKHSELSELNVKVMEALSLYTKLMNE,AKEKVVVLMKLEEEKLLRLQRLSR,,7.089156109641737
FGSMKVSRDKDGSKVTTVVATPGQGPDRPQEVSYTDTKVIGNGSFGVVYQAKLCDSGELVAIKKVLQDKRFKNRELQIMRKLDHCNIVRLRYFFYSSGEKKDEVYLNLVLDYVPETVYRVARHYSRAKQTLPVIYVKLYMYQLFRSLAYIHSFGICHRDIKPQNLLLDPDTAVLKLCDFGSAKQLVRGEPNVSYICSRYYRAPELIFGATDYTSSIDVWSAGCVLAELLLGQPIFPGDSGVDQLVEIIKVLGTPTREQIREMNPNYTEFKFPQIKAHPWTKVFRPRTPPEAIALCSRLLEYTPTARLTPLEACAHSFFDELRDPNVKLPNGRDTPALFNFTTQELSSNPPLATILIPPHARIQAAASTPTN,HRRVLQQLLLSSLLKEEAQALHQ,,3.824070793218705
TVEPNLHSLITSTTHKWIFVGGKGGVGKTTSSCSIAIQMALSQPNKQFLLISTDPAHNLSDAFGEKFGKDARKVTGMNNLSCMEIDPSAALKDMNDMALADLTGSIPGIDEALSFMEVMKHIKRQETFDTVIFDTAPTGHTLRFLQLPNTLSKLLEKFGEITNKLGISGKLNELKANVETIRQQFTDPDLTTFVCVCISEFLSLYETERLIQELISYDMDVNSIIVNQLLFAENHNCKRCQARWKMQKKYLDQIDELYEDFHVVKMPLCAGEIRGLNNLTKFSQFLNKEYNPITDGKVIYELXXXX,LTEAEKRRLLLEVRLQKFSAGAGASQLNKIT,,2.291567110773541
ERGWFDILDDWLKRDRFVFVGWSGILLFPCAYLALGGWLTGTTFVTSWYTHGLASSYLEGCNFLTVAVSTPANSMGHSLLLLWGPEAQGDFTRWCQLGGLWTFIALHGAFGLIGFMLRQFEIARLVGVRPYNAIAFSAPIAVFVSVFLIYPLGQSSWFFAPSFGVAAIFRFLLFFQGFHNWTLNPFHMMGVAGVLGGALLCAIHGATVENTLFQDGEGASTFRAFNPTQAEETYSMVTANRFWSQIFGIAFSNKRWLHFFMLFVPVTGLWMSAIGVVGLALNLRSYDFISQEIRAAEDPEFETFYTKNLLLNEGIRAWMAPQDQPHENFVFPEEVLPRGNALXXXXXXXXXXXXXXXXX,XETNSLKLVALGLTSGVPVVLLLILVAATQFQQFKXX,,3.307001284550879
GSHSMRYFFTSVSRPGRGEPRFIAVGYVDDTQFVRFDSDAASQRMEPRAPWIEQEGPEYWDGETRKVKAHSQTHRVDLGTLRGYYNQSEAGSHTVQRMYGCDVGSDWRFLRGYHQYAYDGKDYIALKEDLRSWTAADMAAQTTKHKWEAAHVAEQLRAYLEGTCVEWLRRYLENGKETLQRTDAPKTHMTHHAVSDHEATLRCWALSFYPAEITLTWQRDGEDQTQDTELVETRPAGDGTFQKWAAVVVPSGQEQRYTCHVQHEGLPKPLTLRWE,ALPXIVTV,,3.8778449142686866
IREILKMGDERLLRIAQPVPSELLGSEELQRLIDDMFETMHHVGGVGLAAPQIGVDLQLVIFGPAVPPTILLNPRITPLDDEMEEGWEGCLSVPGLRGAVSRHRRIRYQGLDPQGQPIDRSVEGFHARVVQHECDHLIGRLYPSRITDFSKFGFTEVLX,MAS,,1.3964810772056948
MKVPGVRVRALYDYTGQEADELSFKAGEELMKISEEDEQGWCKGRLLTGHVGLYPANYVEKVGLAAA,RRSSLPPPPPSPPAA,,4.1701104172607275
QPIFLNVLEAIEPGVVCAGHDNNQPDSFAALLSSLNELGERQLVHVVKWAKALPGFRNLHVDDQMAVIQYSWMGLMVFAMGWRSFTNVNSAMLYFAPDLVFNEYRMHKSRMYSQCVRMRHLSQEFGWLQITPQEFLCMKALLLFSIIPVDGLKNQKFFDELRMNYIKELDRIIACKRKNPTSCSRRFYQLTKLLDSVQPIARELHQFTFDLLIKSHMVSVDFPEMMAEIISVQVPKILSGKVKPIYFHTQ,SRFSRLYQ,,3.432760748851731
RMSMVVSGLTPEEFMLVYKFARKHHITLTNLITEETTHVVMKTDAEFVCERTLKYFLGIAGGKWVVSYFWVTQSIKERKMLNEHDFEVRGDVVNGRNHQGPKRARESQDRKIFRGLEICCYGPFTNMPTDQLEWMVQLCGASVVKELSSFTLGTGVHPIVVVQPDAWTEDNGFHAIGQMCEAPVVTREWVLDSVALYQCQELDTYLIPQIP,STXTFG,,3.38910271274902
PLPWCPHLVAVCPIPAAGLDVTQPCGDCGTIQENWVCLSCYQVYCGRYINGHMLQHHGNSGHPLVLSYIDLSAWCYYCQAYVHHQALLDVKNIAHQNKFXXXX,ARPS,,2.082106163610418
GSHMSDRKAVIKNADMSEDMQQDAVDCATQAMEKYNIEKDIAAYIKKEFDKKYNPTWHCIVGRNFGSYVTHETKHFIYFYLGQVAILLFKSGXX,ITKDTTTTTQDL,,4.460483902278674
PFVNKQFNYKDPVNGVDIAYIKIPNAGQMQPVKAFKIHNKIWVIPERDTFTNPEEGDLNPPPEAKQVPVSYYDSTYLSTDNEKDNYLKGVTKLFERIYSTDLGRMLLTSIVRGIPFWGGSTIDTELKVIDTNCINVIQPDGSYRSEELNLVIIGPSADIIQFECKSFGHEVLNLTRNGYGSTQYIRFSPDFTFGFEESLEVDTNPLLGAGKFATDPAVTLAHELIHAGHRLYGIAINPNRVFKVNTNAYYEMSGLEVSFEELRTFGGHDAKFIDSLQENEFRLYYYNKFKDIASTLNKAKSIVGTTASLQYMKNVFKEKYLLSEDTSGKFSVDKLKFDKLYKMLTEIYTEDNFVKFFKVLNRKTYLNFDKAVFKINIVPKVNYTIYDGFNLRNTNLAANFNGQNTEINNMNFTKLKNFTGLFXX,RGCXX,,1.736271590801359
YASLTEIEHLVQSVCKSYRETCQLRLEDLLRQRSNIFSREEVTGYQRKSMWEMWERCAHHLTEAIQYVVEFAKRLSGFMELCQNDQIVLLKAGAMEVVLVRMCRAYNADNRTVFFEGKYGGMELFRALGCSELISSIFDFSHSLSALHFSEDEIALYTALVLINAHRPGLQEKRKVEQLQYNLELAFHHHLCKTHRQSILAKLPPKGKLRSLCSQHVERLQIFQHLHPIVVQAAFPPLYKELFS,HHLLQRLLQ,,2.214212305221911
EDYALPSYVDRRDYPLPDVAHVKNLSASQKALKEKEKASWSSLSIDEKVELYRLKFKESFAEMNRSTNEWKTVVGAAMFFIGFTALLLIWEKHYVYGPIPHTFEEEWVAKQTKRMLDMKVAPIQGFSAKWDYDKNEWKKX,HYAFADYYPNTVLLSAGWFVVTMVVGLFGWGWYAGLVYPXWXX,,4.325738169568151
APITAPDITSICKDASSGIGNQEGAIRTRKCCPPSLGKKIKDFQFPNDKKVRMRWPAHKGTKKQVDDYRRAIAAMRALPDDDPRSFVSQAKIHCAYCNGGYTQVDSGFPDIDIQIHNSWLFFPFHRWYLYFYERILGSLIDEPNFALPYWKWDEPKGMPISNIFLGDASNPLYDQYRDANHIEDRIVDLDYDGKDKDIPDQQQVACNLSTVYRDLVRNGVDPTSFFGGKYVAGDSPVANGDPSVGSVEAGSHTAVHRWVGDPTQPNNEDMGNFYSAGYDPVFYIHHANVDRMWKLWKELRLPGHVDITDPDWLNASYVFYDENKDLVRVYNKDCVNLDKLKYNFIENSKE,DGFFPTPDPPYY,,3.1490604676076535
DSATHIKFSKRDEDGKELAGATMELRDSSGKTISTWISDGQVKDFYLYPGKYTFVETAAPDGYEVATAITFTVNEQGQVTVN,GPTPVQVLKRRG,,6.680903608730954
SPRPFNEIPSPGDNGWLNLYHFWRETGTHKVHLHHVQNFQKYGPIYREKLGNVESVYVIDPEDVALLFKSEGPNPERFLIPPWVAYHQYYQRPIGVLLKKSAAWKKDRVALNQEVMAPEATKNFLPLLDAVSRDFVSVLHRRIKKAGSGNYSGDISDDLFRFAFESITNVIFGERQGMLEEVVNPEAQRFIDAIYQMFHTSVPMLNLPPDLFRLFRTKTWKDHVAAWDVIFSKADIYTQNFYWELRQKGSVHHDYRGILYRLLGDSKMSFEDIKANVTEMLAGGVDTTSMTLQWHLYEMARNLKVQDMLRAEVLAARHQAQGDMATMLQLVPLLKASIKETLRLHPISVTLQRYLVNDLVLRDYMIPAKTLVQVAIYALGREPTFFFDPENFDPTRWLSKDKNITYFRNLGFGWGVRQCLGRRIAELEMTIFLINMLENFRVEIQHLSDVGTTFNLILMPEKPISFTFWPFNXX,AACGTTACSTCCCDEMNDDLLLCLCXX,,2.5827680675110027
DYFTLYEAHLVTPDFEIYGATQIGLPVIRFAFNQRMGITNTVNGMVGATNYRLTLQDGGYLYDGQVRPFERRQASYRLRQADGTTVDKPLEIRSSVHGPVFERADGTAVAVRVAGLDRPGMLEQYFDMITADSFDDYEAALARMQVPTFNIVYADREGTINYSFNGVAPKRAEGDIAFWQGLVPGDSSRYLWTETHPLDDLPRVTNPPGGFVQNSNDPPWTPTWPVTYTPKDFPSYLAPQTPHSLRAQQSVRLMSENDDLTLERFMALQLSHRAVMADRTLPDLIPAALIDPDPEVQAAARLLAAWDREFTSDSRAALLFEEWARLFAGQNFAGQAGFATPWSLDKPVSTPYGVRDPKAAVDQLRTAIANTKRKYGAIDRPFGDASRMILNDVNVPGAAGYGNLGSFRVFTWSDPDENGVRTPVHGETWVAMIEFSTPVRAYGLMSYGNSRQPGTTHYSDQIERVSRADFRELLLRREQVEAAVQERTPFNFKP,GQSQSLMYAGYYSGTTTDDTSTSSISGQ,,6.186080121235578
GSSGSSGKAEAEQNWWEGPPQDLSVHLWYAGPMERAGAESILANRSDGTFLVRQRVKDAAEFAISIKYNVEVKHIKIMTAEGLYRITEKKAFRGLTELVEFYQQNSLKDCFKSLDTTLQFPFKEPEKRTISRSGPSSG,DSTSETVVVXTVAPP,,4.6307585344083035
IVGGYTCGANTVPYQVSLNSGYHFCGGSLINSQWVVSAAHCYKSGIQVRLGEDNINVVEGNEQFISASKSIVHPSYNSNTLNNDIMLIKLKSAASLNSRVASISLPTSCASAGTQCLISGWGNTKSSGTSYPDVLKCLKAPILSDSSCKSAYPGQITSNMFCAGYLEGGKDSCQGDSGGPVVCSGKLQGIVSWGSGCAQKNKPGVYTKVCNYVSWIKQTIASNX,AAAPK,,3.112863705032241
TQSPSSLSASVGDRVTITCRASQSVSSAVAWYQQKPGKAPKLLIYSASSLYSGVPSRFSGSRSGTDFTLTISSLQPEDFATYYCQQSSSSLITFGQGTKVEIKRTVAAPSVFIFPPSDSQLKSGTASVVCLLNNFYPREAKVQWKVDNALQSGNSQESVTEQDSKDSTYSLSSTLTLSKADYEKHKVYACEVTHQGLSSPVTKSFNRGEC,SLSELDRLMLWL,,2.8918727747059
GPHSLRYFVTAVSRPGLGEPRYMEVGYVDDTEFVRFDSDAENPRYEPRARWMEQEGPEYWERETQKAKGNEQSFRVDLRTLLGYYNQSKGGSHTIQVISGCEVGSDGRLLRGYQQYAYDGCDYIALNEDLKTWTAADMAALITKHKWEQAGEAERLRAYLEGTCVEWLRRYLKNGNATLLRTDSPKAHVTHHSRPEDKVTLRCWALGFYPADITLTWQLNGEELIQDMELVETRPAGDGTFQKWASVVVPLGKEQYYTCHVYHQGLPEPLTLRWEPPP,RXFTFNTL,,3.413628128344101
FLSLDSPTYVLYRDRAEWADIDPVPQNDGPSPVVQIIYSEKFRDVYDYFRAVLQRDERSERAFKLTRDAIELNAANYTVWHFRRVLLRSLQKDLQEEMNYIIAIIEEQPKNYQVWHHRRVLVEWLKDPSQELEFIADILNQDAKNYHAWQHRQWVIQEFRLWDNELQYVDQLLKEDVRNNSVWNQRHFVISNTTGYSDRAVLEREVQYTLEMIKLVPHNESAWNYLKGILQDRGLSRYPNLLNQLLDLQPSHSSPYLIAFLVDIYEDMLENQCDNKEDILNKALELCEILAKEKDTIRKEYWRYIGRSLQSKHSRESDIPASV,KVVFM,,3.4392697789828754
IVGGYTCGANTVPYQVSLNSGYHFCGGSLINSQWVVSAAHCYKSGIQVRLGEDNINVVEGNEQFISASKSIVHPSYNSNTLNNDIMLIKLKSAASLNSRVASISLPTSCASAGTQCLISGWGNTKSSGTSYPDVLKCLKAPILSDSSCKSAYPGQITSNMFCAGYLEGGKDSCQGDSGGPVVCSGKLQGIVSWGSGCAQKNKPGVYTKVCNYVSWIKQTIASNX,XCKXR,,6.411724003280665
RNQGSAAERLITNLYLLLFDQSGANPAKYYIASGGIWLPDDKVKLDTQSEAGERKVYVVANVDNAVKTALDAVANESDLQTVKRTTAPWSTDIASPFLSGNKTHDFLANRLLDNVPLVRAIAKVELNISLSEKFQIVPIIVNGSLSEFKFRYVNFDKETYVVKPTTKPDNLISSANGVWPQITDWTVWGASLNTSPAPDAGTGYTLDANGKVTALRIVTYLNERDSKGATVEVALPRGPELYRLPLPDKILRNHWYKYEVEI,AQSPEIITADVVVTSDEFTTT,,4.539735011355695
ADQLTEEQIAEFKEAFSLFDKDGDGTITTKELGTVMRSLGQNPTEAELQDMINEVDADGNGTIDFPEFLTMMARKMKDTDSEEEIREAFRVFDKDGNGYISAAELRHVMTNLGEKLTDEEVDEMIREADIDGDGQVNYEEFVQMMTAK,RFRQKKKSKAQRKRRLLKS,,6.123677875867866
QLVLTQSSSASFSLGASAKLTCTLSSQHSTYTIDWYQQQPLKPPKYVMELRRDGSHNTGDGIPDRFSGSSSGADRYLSISNIQPEDEAIYICGVGDTIKEQFVYVFGGGTKVTVLGQPKSTPTLTVFPPSSEELKENKATLVCLISNFSPSGVTVAWKANGTPITQGVDTSNPTKEGNKFMASSFLHLTSDQWRSHNSFTCQVTHEGDTVEKSLSPA,GLPMWQFRV,,5.811791595281592
GSHSLRYFVTAVSRPGFGEPRYMEVGYVDNTEFVRFDSDAENPRYEPRARWIEQEGPEYWERETRRAKGNEQSFRVDLRTALRYYNQSAGGSHTLQWMAGCDVESDGRLLRGYWQFAYDGCDYIALNEDLKTWTAADMAAQITRRKWEQAGAAERDRAYLEGECVEWLRRYLKNGNATLLRTDPPKAHVTHHRRPEGDVTLRCWALGFYPADITLTWQLNGEELTQEMELVETRPAGDGTFQKWASVVVPLGKEQKYTCHVEHEGLPEPLTLRW,RGPGRGFVYV,,2.5013591276046996
NLQLVSELKNPSGSCSVDVSAMFWEGCKEPCIITACEDVVSLWKALDAWQWEKLYTWHFAEVPVLQIVPVPDVYNLVCVALGNLEIREIRALFCSEKQVLLKSGNIKAVLGLTKRRLVSSSGTLSDQQVEVMTFAGGGKENQFLMPPEETILTFAEVQGMQEALLGTTIMNNIVIWNLKTGQLLKKMHIDDSYQASVCHKAYSEMGLLFIVLSHPVFQLIVINPKTTLSVGVMLYCLPPGQAGRFLEGDVKDHAAAILTSGTIAIWDLLLGQCTALLPPVSDQHWSFVKWSGTDSHLLAGQKDGNIFVYHYS,LGIPPLNWAEALLS,,3.7224909094503413
TLSPEQLVLTLLEAEPPNVLVSMPFTEASMMMSLTKLADKELVHMIGWAKKIPGFVELSLLDQVRLLESCWMEVLMVGLMWRSIDHPGKLIFAPDLVLDRDEGKCVEGILEIFDMLLATTSRFRELKLQHKEYLCVKAMILLNSSMYPLAESSRKLTHLLNAVTDALVWVIAKSGISSQQQSVRLANLLMLLSHVRHISNKGMEHLLSMKCKNVVPVYDLLLEMLNAHXX,HHLLLHLLTQD,,2.6900417926483127
SGIVPTLQNIVATVTLGCRLDLKTVALHARNAEYNPKRFAAVIMRIREPKTTALIFASGKMVVTGAKSEDDSKLASRKYARIIQKIGFAAKFTDFKIQNIVGSCDVKFPIRLEGLAFSHGTFSSYEPELFPGLIYRMVKPKIVLLIFVSGKIVLTGAKQREEIYQAFEAIYPVLSEFRKM,DDVVVVVTDCDDILRRRWKKAWLLKDVIGNINNDIIYFEIRAAKKE,,7.066061915467446
PQITLWKRPLVTIRIGGQLKEALLDTGADDTVLEEMNLPGKWKPKMIGGIGGFIKVRQYDQIPVEICGHKAIGTVLVGPTPVNIIGRNLLTQIGCTLNF,ALNI,,3.8773433781803646
ASGTSLSAAIHRTQLWFHGRISREESQRLIGQQGLVDGLFLVRESQRNPQGFVLSLCHLQKVKHYLILPSEEEGRLYFSMDDGQTRFTDLLQLVEFHQLNRGILPCLLRHCCTRVAL,PQPEYVNQPX,,1.8389980079345378
TVEGSDAEIGMSPWQVMLFRKSPQELLCGASLISDRWVLTAAHCLLYPPWDKNFTENDLLVRIGKHSRTRYERNIEKISMLEKIYIHPRYNWRENLDRDIALMKLKKPVAFSDYIHPVCLPDRETAASLLQAGYKGRVTGWGNQPSVLQVVNLPIVERPVCKDSTRIRITDNMFCAGYKPDEGKRGDACEGDSGGPFVMKSPFNNRWYQMGIVSWGEGCDRDGKYGFYTHVFRLKKWIQKVIDQF,TFSAEAECGGRPPEESSSSSLDTEELRELYYDDR,,3.754036833496806
HSYDWLPRLSKENFNAAPVTCFPHAPGCEVWDNLGVGMKVEVENTDCDSIEVIQPGQTPTSFWVATILEIKGYKALMSYEGFDTDSHDFWVNLCNAEVHSVGWCATRGKPLIPPRTIEHKYKDWKDFLVGRLSGARTLPSNFYNKINDSLQSRFRLGLNLECVDKDRISQVRLATVTKIVGKRLFLRYFDSDDGFWCHEDSPIIHPVGWATTVGHNLAAPQDYLERMLAVHEDDATIELFKMNFTFDEYYSDGKTNSFVEGMKLEAVDPLNLSSICPATVMAVLKFGYMMIRIDSYQPDASGSDWFCYHEKSPCIFPAGFCSVNNISVTPPNGYDSRTFTWEGYLRDTGAVAAGQHLFHRIIPDHGFEVGMSLECADLMDPRLVCVATVARVVGRLLKVHFDGWTDEYDQWLDCESADIYPVGWCVLVNHKLEGPPRVAH,GAMASSRWEKKFVVIVKMEGEFSVTTWASS,,2.122470672157219
STEGSSPAYLKEILEQLLEAIVVATNPSGRLISELFQKLPSKVQYPDYYAIIKEPIDLKTIAQRIQNGSYKSIHAMAKDIDLLAKNAKTYNEPGSQVFKDANSIKKIFYMKKAEIEHHEMA,SVGSGGGRGGGLGGLLRLLA,,4.809605447357784
PKKNSHQYELLKHAEATLGSGNLRQAVMLPEGEDLNEWIAVNTVDFFNQINMLYGTITEFCTEASCPVMSAGPRYEYHWADGTNIKKPIKCSAPKYIDYLMTWVQDQLDDETLFPSKIGVPFPKNFMSVAKTILKRLFRVYAHIYHQHFDSVMQLQEEAHLNTSFKHFIFFVQEFNLIDRRELAPLQELIEKLX,VVVA,,3.2686220059104047
PGTVDKKMVEKCWKLMDKVVRLCQNPKLALKNSPPYILDLLPDTYQHLRTILSRYEGKMETLGENEYFRVFMENLMKKTKQTISLFKEGKERMYEENSQPRRNLTKLSLIFSHMLAELKGIFPSGLFQGDTFRITKADAAEFWRKAFGEKTIVPWKSFRQALHEVHPISSGLEAMALKSTIDLTCNDYISVFEFDIFTRLFQPWSSLLRNWNSLAVTHPGYMAFLTYDEVKARLQKFIHKPGSYIFRLSCTRLGQWAIGYVTADGNILQTIPHNKPLFQALIDGFREGFYLFPDGRNQNPDLTG,NFXEXPP,,4.904847626659931
RGWFDILDDWLKRDRFVFVGWSGILLFPCAYLALGGWLTGTTFVTSWYTHGLASSYLEGCNFLTVAVSTPANSMGHSLLLLWGPEAQGDFTRWCQLGGLWTFIALHGAFGLIGFMLRQFEIARLVGVRPYNAIAFSAPIAVFVSVFLIYPLGQSSWFFAPSFGVAAIFRFLLFFQGFHNWTLNPFHMMGVAGVLGGALLCAIHGATVENTLFQDGEGASTFRAFNPTQAEETYSMVTANRFWSQIFGIAFSNKRWLHFFMLFVPVTGLWMSAIGVVGLALNLRSYDFISQEIRAAEDPEFETFYTKNLLLNEGIRAWMAPQDQPHENFVFPEEVLPRGNALXXXXXXXXXXX,IETITWVAIFTCLIATIFFLFFFAEPPRQTIQX,,2.796276531550045
GSRRASVGSMEAIAKYDFKATADDELSFKRGDILKVLNEECDQNWYKAELNGKDGFIPKNYIEMKPHPEFIVTD,IPLPPPPPPPPPTLR,,3.260832455543566
MASMKKKGSVVIVGRINLSGDTAYAQQTRGEEGCQETSQTGRDKNQVEGEVQIVSTATQTFLATSINGVLWTVYHGAGTRTIASPKGPVTQMYTNVDKDLVGWQAPQGSRSLTPCTCGSSDLYLVTRHADVIPVRRRGDSRGSLLSPRPISYLKGSAGGPLLCPAGHAVGIFRAAVSTRGVAKAVDFIPVESLETTMX,SECVTCC,,2.1138248589460433
GSHSMRYFDTAMSRPGRGEPRFISVGYVDDTQFVRFDSDAASPRMEPRAPWIEQEGPEYWDRNTQIFKTNTQTDRESLRNLRGYYNQSEAGSHTLQSMYGCDVGPDGRLLRGHNQYAYDGKDYIALNEDLRSWTAADTAAQITQRKWEAARVAEQDRAYLEGTCVEWLRRYLENGKDTLERADPPKTHVTHHPISDHEATLRCWALGFYPAEITLTWQRDGEDQTQDTELVETRPAGDRTFQKWAAVVVPSGEEQRYTCHVQHEGLPKPLTLRWEP,LGKPRRRRM,,5.822845637960366
MMKQALRVAFGFLILWASVLHAEVRIVIDSGVDSGRPIGVVPFQWAGPGAAPEDIGGIVAADLRNSGKFNPLDRARLPQQPGSAQEVQPAAWSALGIDAVVVGQVTPNPDGSYNVAYQLVDTGGAPGTVLAQNSYKVNKQWLRYAGHTASDEVFEKLTGIKGAFRTRIAYVVQTNGGQFPYELRVSDYDGYNQFVVHRSPQPLMSPAWSPDGSKLAYVTFESGRSALVIQTLANGAVRQVASFPRHNGAPAFSPDGSKLAFALSKTGSLNLYVMDLASGQIRQVTDGRSNNTEPTWFPDSQNLAFTSDQAGRPQVYKVNINGGAPQRITWEGSQNQDADVSSDGKFMVMVSSNGGQQHIAKQDLATGGVQVLSSTFLDETPSLAPNGTMVIYSSSQGMGSVLNLVSTDGRFKARLPATDGQVKFPAWSPYLLEHHHHHH,GSSSSWWWSNEPNPG,,3.072866401987328
IPHDNLVLIRMKPDENGRFGFNVKGGYDQKMPVIVSRVAPGTPADLCVPRLNEGDQVVLINGRDIAEHTHDQVVLFIKASCSGELMLLVRPN,GRETRV,,1.4866332927823511
IVGGQECKDGECPWQALLINEENEGFCGGTILSEFYILTAAHCLYQAKRFKVRVGAVHEVEVVIKHNRFTKETYDFDIAVLRLKTPITFRMNVAPACLPERDWAESTLMTQKTGIVSGFGRTHEKGEQSTRLKMLEVPYVDRNSCKLSSSFIITQNMFCAGYDTKQEDACQGDSGGPHVTRFKDTYFVTGIVSWGEGCARKGKYGIYTKVTAFLKWIDRSMKTXX,CLLSNDCCLDDFCCCCCCSCVCCVCACTYCCNCCKCAPTPTPPCCKTTGR,,5.086905278239776
